order_id,customer_id,customer_name,product_id,product_category,quantity,unit_price,order_date,payment_method,city,discount_code
ORD10000,CUST63,Charlie,P1001,Electronics,13,321.53,2024-01-01 00:00:00,card ,,SAVE10
ORD10001,CUST95,Frank,P1003,Electronics,8,$463.42,2024-01-01 01:00:00,card ,Mumbai,
ORD10002,CUST77,Alice,P1003,Electronics,13,$428.93,2024-01-01 02:00:00,CASH,LOS ANGELES,
ORD10003,CUST68,Frank,INVALID,Electronics,5,$276.01,2024-01-01 03:00:00,Credit Card,New York,
ORD10004,CUST141,nan,P1006,Electronics,4,$22.75,2024-01-01 04:00:00, credit card ,New York,SUMMER50
ORD10005,CUST161,Diana,P1006,Home,2,$388.20,2024-01-01 05:00:00,CASH,  London  ,
ORD10006,CUST23,Eve,P1003,Electronics,10,$446.95,2024-01-01 06:00:00,card ,,SUMMER50
ORD10007,CUST11,Grace,P1006,Electronics,16,$408.23,2024-01-01 07:00:00,card ,Shanghai,
ORD10008,CUST98,Diana,INVALID,Home,19,$159.41,2024-01-01 08:00:00,Alipay,Beijing,
ORD10009,CUST41,nan,P1001,Electronics,19,$108.07,2024-01-01 09:00:00,card ,,
ORD10010,CUST152,Bob,P1001,Books,18,$267.86,2024-01-01 10:00:00,WeChat Pay,New York,
ORD10011,CUST102,Alice,P1004,Books,1,$464.13,2024-01-01 11:00:00,Alipay,Beijing,
ORD10012,CUST112,Alice,INVALID,Electronics,1,211.13,2024-01-01 12:00:00,PayPal,Mumbai,
ORD10013,CUST145,Grace,P1006,Books,16,$99.28,2024-01-01 13:00:00,WeChat Pay,nan,SUMMER50
ORD10014,CUST65,Diana,P1003,Clothing,19,$131.50,2024-01-01 14:00:00,Credit Card,Beijing,
ORD10015,CUST118,Frank,P1006,Unknown,6,$325.26,2024-01-01 15:00:00,CASH,TOKYO,SUMMER50
ORD10016,CUST4, Henry ,P1005,Books,16,$311.22,2024-01-01 16:00:00,card ,Mumbai,SAVE10
ORD10017,CUST154,Alice,INVALID,Clothing,17,$237.57,2024-01-01 17:00:00,CASH,los angeles,WELCOME20
ORD10018,CUST146,,INVALID,Electronics,14,$436.53,2024-01-01 18:00:00,PayPal,Beijing,
ORD10019,CUST120,nan,P1006,Home,4,$453.72,2024-01-01 19:00:00,PayPal,New York,
ORD10020,CUST174,nan,INVALID,Electronics,8,$284.79,2024-01-01 20:00:00,card ,los angeles,WELCOME20
ORD10021,CUST193,Grace,P1005,Books,16,$164.76,2024-01-01 21:00:00, credit card ,TOKYO,SUMMER50
ORD10022,CUST34,nan,P1004,Clothing,10,$238.02,2024-01-01 22:00:00,WeChat Pay,Shanghai,
ORD10023,CUST74,Frank,P1006,Books,1,$233.32,2024-01-01 23:00:00,card ,nan,
ORD10024,CUST28,Frank,P1003,Electronics,3,$328.65,2024-01-02 00:00:00,WeChat Pay,los angeles,SUMMER50
ORD10025,CUST14,Eve,P1005,Clothing,19,39.38,2024-01-02 01:00:00,PayPal,NAN,
ORD10026,CUST116,,P1001,Clothing,17,$52.58,2024-01-02 02:00:00,WeChat Pay,  London  ,
ORD10027,CUST91,nan,P1005,Clothing,9,$32.76,2024-01-02 03:00:00,Alipay,Shanghai,SUMMER50
ORD10028,CUST42,,P1001,Electronics,15,$353.06,2024-01-02 04:00:00,Credit Card,TOKYO,
ORD10029,CUST125,nan,P1001,Clothing,15,$71.71,2024-01-02 05:00:00,Alipay,,SUMMER50
ORD10030,CUST165,nan,P1006,Electronics,6,$396.35,2024-01-02 06:00:00,Credit Card,New York,
ORD10031,CUST43,,P1003,Electronics,17,$201.25,2024-01-02 07:00:00,CASH,Shanghai,
ORD10032,CUST80,Bob,P1004,Home,5,$356.37,2024-01-02 08:00:00,Alipay,los angeles,
ORD10033,CUST128,Eve,INVALID,Clothing,10,$22.40,2024-01-02 09:00:00,CASH,,WELCOME20
ORD10034,CUST182,nan,P1004,Books,16,$380.00,2024-01-02 10:00:00,CASH,,SUMMER50
ORD10035,CUST102, Henry ,P1002,Clothing,17,$393.43,2024-01-02 11:00:00,Credit Card,los angeles,WELCOME20
ORD10036,CUST43,,P1003,Clothing,9,$97.34,2024-01-02 12:00:00,Alipay,TOKYO,
ORD10037,CUST160,Alice,P1006,Clothing,12,395.5,2024-01-02 13:00:00,WeChat Pay,New York,
ORD10038,CUST53,Charlie,P1001,Books,7,$143.21,2024-01-02 14:00:00,CASH,  London  ,
ORD10039,CUST96,Eve,P1006,Electronics,15,$272.37,2024-01-02 15:00:00,CASH,nan,
ORD10040,CUST74,,P1003,Books,6,$226.46,2024-01-02 16:00:00,WeChat Pay,New York,
ORD10041,CUST70, Henry ,P1002,Electronics,2,$116.26,2024-01-02 17:00:00,card ,,SUMMER50
ORD10042,CUST86,nan,P1004,Home,19,314.29,2024-01-02 18:00:00,WeChat Pay,,
ORD10043,CUST53,,INVALID,Electronics,14,$285.39,2024-01-02 19:00:00,Credit Card,TOKYO,SUMMER50
ORD10044,CUST93,nan,P1001,Books,15,$451.81,2024-01-02 20:00:00,CASH,nan,
ORD10045,CUST146,nan,P1005,Books,12,$367.54,2024-01-02 21:00:00,card ,Mumbai,SUMMER50
ORD10046,CUST56,Frank,P1003,Clothing,10,$241.15,2024-01-02 22:00:00,Alipay,TOKYO,
ORD10047,CUST63,Bob,P1002,Books,1,$170.09,2024-01-02 23:00:00,card ,New York,
ORD10048,CUST181,Diana,P1004,Home,15,$133.93,2024-01-03 00:00:00,Alipay,TOKYO,
ORD10049,CUST185,,P1006,Home,19,$168.84,2024-01-03 01:00:00,Alipay,Mumbai,WELCOME20
ORD10050,CUST200,nan,P1005,Electronics,18,$176.79,2024-01-03 02:00:00,CASH,Shanghai,
ORD10051,CUST41,,INVALID,Home,17,$463.47,2024-01-03 03:00:00,card ,nan,WELCOME20
ORD10052,CUST174,,P1004,Unknown,16,$82.94,2024-01-03 04:00:00,Credit Card,New York,WELCOME20
ORD10053,CUST153,Alice,P1004,Electronics,8,$493.44,2024-01-03 05:00:00,CASH,New York,
ORD10054,CUST80,,INVALID,Home,16,$371.41,2024-01-03 06:00:00,PayPal,nan,SUMMER50
ORD10055,CUST51,,P1003,Electronics,5,$183.50,2024-01-03 07:00:00,Credit Card,los angeles,SAVE10
ORD10056,CUST73,Diana,P1002,Home,15,$302.22,2024-01-03 08:00:00,Credit Card,  London  ,
ORD10057,CUST119,,P1004,Electronics,3,$187.01,2024-01-03 09:00:00,Alipay,Beijing,
ORD10058,CUST16,nan,P1003,Home,18,$255.93,2024-01-03 10:00:00,Credit Card,Shanghai,
ORD10059,CUST26,nan,P1004,Electronics,2,$127.60,2024-01-03 11:00:00,Alipay,TOKYO,
ORD10060,CUST104,,P1006,Books,4,$358.92,2024-01-03 12:00:00,WeChat Pay,  London  ,SUMMER50
ORD10061,CUST22,,P1006,Home,11,$59.23,2024-01-03 13:00:00,PayPal,,SUMMER50
ORD10062,CUST190,Frank,P1006,Home,3,$476.65,2024-01-03 14:00:00,card ,nan,
ORD10063,CUST19,Charlie,P1004,Clothing,13,$358.26,2024-01-03 15:00:00,Alipay,,
ORD10064,CUST138,nan,P1006,Home,6,$166.63,2024-01-03 16:00:00,Alipay,nan,
ORD10065,CUST161,nan,P1003,Books,2,$201.12,2024-01-03 17:00:00,card ,New York,
ORD10066,CUST62,Grace,INVALID,Clothing,19,$467.61,2024-01-03 18:00:00,Alipay,Beijing,
ORD10067,CUST37,nan,P1003,Electronics,8,$292.99,2024-01-03 19:00:00,card ,Shanghai,
ORD10068,CUST188,Bob,P1002,Clothing,7,$108.64,2024-01-03 20:00:00,WeChat Pay,  London  ,WELCOME20
ORD10069,CUST99,nan,P9999,Clothing,13,$168.50,2024-01-03 21:00:00,CASH,Beijing,SAVE10
ORD10070,CUST17,Alice,P1001,Home,7,$306.19,2024-01-03 22:00:00,card ,  London  ,
ORD10071,CUST16,,P1006,Electronics,4,$382.72,2024-01-03 23:00:00,CASH,nan,SAVE10
ORD10072,CUST87,nan,P1005,Clothing,18,$396.80,2024-01-04 00:00:00,card ,New York,WELCOME20
ORD10073,CUST23,Alice,P1006,Clothing,12,$210.87,2024-01-04 01:00:00,CASH,TOKYO,SAVE10
ORD10074,CUST197,Grace,P1002,Clothing,14,$337.35,2024-01-04 02:00:00,CASH,,
ORD10075,CUST93,Frank,P1004,Books,17,$430.72,2025-12-31 23:59:59,PayPal,Mumbai,SAVE10
ORD10076,CUST29,Bob,P1004,Books,5,$424.10,2024-01-04 04:00:00,Alipay,nan,WELCOME20
ORD10077,CUST88,Alice,P1002,Unknown,4,$184.40,2024-01-04 05:00:00,card ,Beijing,WELCOME20
ORD10078,CUST116,Alice,P1003,Books,16,$114.33,2024-01-04 06:00:00,Credit Card,Mumbai,WELCOME20
ORD10079,CUST39,Grace,P1001,Electronics,6,$68.20,2024-01-04 07:00:00,Alipay,Beijing,SUMMER50
ORD10080,CUST196,Grace,P1001,Books,2,$408.64,2024-01-04 08:00:00,Alipay,,
ORD10081,CUST60,nan,INVALID,Clothing,16,$457.62,2024-01-04 09:00:00,card ,los angeles,SUMMER50
ORD10082,CUST95,nan,P1005,Home,7,$227.40,2024-01-04 10:00:00,CASH,  London  ,WELCOME20
ORD10083,CUST197,Eve,P1002,Home,1,$109.69,2024-01-04 11:00:00,CASH,New York,
ORD10084,CUST111,nan,P1003,Home,4,$290.31,2024-01-04 12:00:00,Alipay,New York,SAVE10
ORD10085,CUST65,Charlie,P1002,Clothing,9,$482.06,2024-01-04 13:00:00,WeChat Pay,,
ORD10086,CUST189,nan,P1001,Clothing,6,$111.15,2024-01-04 14:00:00,Credit Card,Beijing,SUMMER50
ORD10087,CUST165,Frank,P1005,Clothing,16,$352.73,2024-01-04 15:00:00,PayPal,los angeles,SAVE10
ORD10088,CUST122,Grace,P1001,Clothing,10,$237.10,2024-01-04 16:00:00,Credit Card,TOKYO,
ORD10089,CUST141,Charlie,INVALID,Books,18,$130.17,2024-01-04 17:00:00,PayPal,,WELCOME20
ORD10090,CUST86,Diana,INVALID,Home,18,$403.60,2024-01-04 18:00:00,Credit Card,  London  ,
ORD10091,CUST106,Eve,P1002,Clothing,19,$98.42,2024-01-04 19:00:00,CASH,Beijing,
ORD10092,CUST193, Henry ,INVALID,Electronics,11,$154.75,2024-01-04 20:00:00,CASH,Beijing,WELCOME20
ORD10093,CUST193,Diana,P1006,Electronics,15,387.71,2024-01-04 21:00:00,PayPal,Beijing,WELCOME20
ORD10094,CUST194,,P1005,Clothing,14,$475.13,2024-01-04 22:00:00,Alipay,nan,WELCOME20
ORD10095,CUST56,nan,P1005,Electronics,17,$404.92,2024-01-04 23:00:00,CASH,Beijing,
ORD10096,CUST192,Charlie,P1004,Electronics,1,$372.34,2024-01-05 00:00:00,PayPal,,
ORD10097,CUST40,nan,P9999,Home,16,23.65,2024-01-05 01:00:00,PayPal,Mumbai,
ORD10098,CUST127,Charlie,P1006,Electronics,4,$312.31,2024-01-05 02:00:00,CASH,Beijing,WELCOME20
ORD10099,CUST13,,P1002,Home,12,$115.19,2024-01-05 03:00:00,PayPal,Shanghai,
ORD10100,CUST168,Eve,P1001,Electronics,16,339.21,2024-01-05 04:00:00,card ,Shanghai,
ORD10101,CUST29,Bob,P1003,Home,9,$466.77,2024-01-05 05:00:00,Alipay,Shanghai,SAVE10
ORD10102,CUST189,nan,P1003,Electronics,1,$18.69,2024-01-05 06:00:00,Credit Card,Mumbai,SUMMER50
ORD10103,CUST100,Diana,P1002,Electronics,8,$249.63,2024-01-05 07:00:00,WeChat Pay,,
ORD10104,CUST150,,P1004,Electronics,4,$483.86,2024-01-05 08:00:00,WeChat Pay,Mumbai,
ORD10105,CUST76,Grace,P1003,Books,13,$157.93,2024-01-05 09:00:00,PayPal,Mumbai,
ORD10106,CUST95,Alice,INVALID,Home,3,$293.50,2024-01-05 10:00:00,WeChat Pay,SHANGHAI,
ORD10107,CUST36,Bob,P1002,Clothing,10,$321.10,2024-01-05 11:00:00,WeChat Pay,Shanghai,WELCOME20
ORD10108,CUST132,nan,P1006,Books,17,$444.29,2024-01-05 12:00:00,CASH,,SUMMER50
ORD10109,CUST127,Grace,P1006,Electronics,7,$330.93,2024-01-05 13:00:00,WeChat Pay,nan,
ORD10110,CUST14, Henry ,P1003,Clothing,15,$27.77,2024-01-05 14:00:00,WeChat Pay,,
ORD10111,CUST89,nan,P1001,Books,6,$260.76,2024-01-05 15:00:00,WeChat Pay,Mumbai,SAVE10
ORD10112,CUST136,Charlie,P1003,Clothing,5,$108.15,2024-01-05 16:00:00,Credit Card,los angeles,
ORD10113,CUST153,Alice,P1006,Clothing,6,$310.60,2024-01-05 17:00:00,card ,los angeles,SUMMER50
ORD10114,CUST7,Alice,P1006,Books,16,$341.08,2024-01-05 18:00:00,WeChat Pay,Mumbai,WELCOME20
ORD10115,CUST127,,P1006,Electronics,17,$465.19,2024-01-05 19:00:00,Alipay,Shanghai,
ORD10116,CUST182,Alice,P1002,Electronics,-5,$440.58,2024-01-05 20:00:00,card ,Shanghai,
ORD10117,CUST12,nan,INVALID,Clothing,18,49.69,2024-01-05 21:00:00,card ,Shanghai,
ORD10118,CUST97,Frank,P1006,Home,18,26.36,2024-01-05 22:00:00,Credit Card,Shanghai,
ORD10119,CUST80,Bob,P1001,Books,19,$33.76,2024-01-05 23:00:00,Credit Card,los angeles,WELCOME20
ORD10120,CUST143,Grace,P1005,Electronics,15,$221.81,2024-01-06 00:00:00,Credit Card,Shanghai,
ORD10121,CUST9,Frank,P1001,Books,10,$346.33,2024-01-06 01:00:00,Credit Card,New York,
ORD10122,CUST166,Alice,P1005,Electronics,5,$167.01,2024-01-06 02:00:00,WeChat Pay,los angeles,SUMMER50
ORD10123,CUST41,Alice,P1006,Home,13,$222.46,2024-01-06 03:00:00,Alipay,New York,SUMMER50
ORD10124,CUST76,Diana,P1002,Books,9,$101.49,2024-01-06 04:00:00,WeChat Pay,New York,
ORD10125,CUST74,Diana,P1006,Electronics,1,118.73,2024-01-06 05:00:00,Alipay,  London  ,
ORD10126,CUST172,Eve,P9999,Clothing,5,$269.38,2024-01-06 06:00:00,card ,New York,
ORD10127,CUST140, Henry ,P1003,Electronics,15,68.48,2024-01-06 07:00:00,card ,Mumbai,SAVE10
ORD10128,CUST29,Bob,P1005,Home,8,$427.10,2024-01-06 08:00:00,card ,TOKYO,
ORD10129,CUST186,,INVALID,Clothing,3,$310.39,2024-01-06 09:00:00,PayPal,,SAVE10
ORD10130,CUST72,Grace,P1001,Home,11,$423.95,2024-01-06 10:00:00,WeChat Pay,  London  ,WELCOME20
ORD10131,CUST30,Alice,INVALID,Electronics,12,$110.01,2024-01-06 11:00:00,Credit Card,Shanghai,
ORD10132,CUST170,nan,P1002,Clothing,9,$240.95,2024-01-06 12:00:00,PayPal,nan,
ORD10133,CUST146,Diana,P1006,Clothing,11,$126.40,2024-01-06 13:00:00,PayPal,TOKYO,
ORD10134,CUST180,nan,P1004,Home,18,$489.67,2024-01-06 14:00:00,Alipay,Beijing,
ORD10135,CUST172,nan,P1006,Home,14,$207.90,2024-01-06 15:00:00,PayPal,TOKYO,WELCOME20
ORD10136,CUST101,Diana,INVALID,Home,2,14.59,2024-01-06 16:00:00,CASH,New York,
ORD10137,CUST199,nan,P1006,Books,10,$39.49,2024-01-06 17:00:00,CASH,nan,
ORD10138,CUST137,,P1002,Electronics,13,$499.61,2024-01-06 18:00:00,WeChat Pay,TOKYO,
ORD10139,CUST116,,P1002,Electronics,15,$319.49,2024-01-06 19:00:00,WeChat Pay,los angeles,
ORD10140,CUST25,Bob,P1004,Electronics,18,$285.70,2024-01-06 20:00:00,Alipay,,
ORD10141,CUST174,nan,P1006,Books,7,$185.85,2024-01-06 21:00:00,WeChat Pay,los angeles,
ORD10142,CUST124,Charlie,INVALID,Electronics,10,$82.53,2024-01-06 22:00:00,PayPal,Shanghai,
ORD10143,CUST107,,P1001,Electronics,3,$33.56,2024-01-06 23:00:00,WeChat Pay,,WELCOME20
ORD10144,CUST151,,P1003,Electronics,4,$235.26,2024-01-07 00:00:00,Credit Card,  London  ,WELCOME20
ORD10145,CUST98, Henry ,P1003,Home,6,$389.29,2024-01-07 01:00:00,card ,Shanghai,
ORD10146,CUST14,,P1005,Clothing,5,$10.15,2024-01-07 02:00:00,Credit Card,Shanghai,SAVE10
ORD10147,CUST168,Alice,P1004,Electronics,6,$359.57,2024-01-07 03:00:00,PayPal,Mumbai,SUMMER50
ORD10148,CUST101,,P1003,Books,14,$14.86,2024-01-07 04:00:00,card ,  London  ,SUMMER50
ORD10149,CUST7,Bob,P1003,Electronics,5,$57.87,2024-01-07 05:00:00,Credit Card,los angeles,SAVE10
ORD10150,CUST40,nan,P1002,Clothing,2,$275.21,2024-01-07 06:00:00,Credit Card,los angeles,SUMMER50
ORD10151,CUST38,nan,P1002,Electronics,-5,$455.29,2024-01-07 07:00:00,CASH,New York,
ORD10152,CUST153,Frank,INVALID,Electronics,17,463.13,2024-01-07 08:00:00,card ,New York,SUMMER50
ORD10153,CUST150, Henry ,P1004,Clothing,16,398.8,2024-01-07 09:00:00,PayPal,TOKYO,
ORD10154,CUST72,Eve,P1004,Electronics,9,$336.98,2024-01-07 10:00:00,PayPal,Mumbai,SUMMER50
ORD10155,CUST73,nan,P1002,Clothing,13,$40.95,2024-01-07 11:00:00,Credit Card,New York,
ORD10156,CUST14,Frank,INVALID,Home,-5,$322.65,2024-01-07 12:00:00,card ,nan,
ORD10157,CUST131,Bob,P1002,Clothing,16,$70.15,2024-01-07 13:00:00,card ,nan,SUMMER50
ORD10158,CUST154,Charlie,P9999,Clothing,2,$218.70,2024-01-07 14:00:00,Alipay,,SUMMER50
ORD10159,CUST151,Frank,P1006,Books,19,$469.29,2024-01-07 15:00:00,card ,  London  ,WELCOME20
ORD10160,CUST197,Frank,P1003,Clothing,13,$152.91,2024-01-07 16:00:00,Credit Card,New York,SAVE10
ORD10161,CUST142,nan,P1006,Books,17,$65.51,2024-01-07 17:00:00,Credit Card,nan,SAVE10
ORD10162,CUST100,Grace,P9999,Home,6,$92.54,2024-01-07 18:00:00,WeChat Pay,TOKYO,SAVE10
ORD10163,CUST55,nan,P1002,Clothing,7,$126.85,2024-01-07 19:00:00,WeChat Pay,New York,WELCOME20
ORD10164,CUST124,,INVALID,Books,12,$398.30,2024-01-07 20:00:00,Credit Card,  London  ,
ORD10165,CUST77,nan,INVALID,Electronics,13,363.04,2024-01-07 21:00:00,Alipay,los angeles,
ORD10166,CUST196,,P1006,Clothing,4,$166.33,2024-01-07 22:00:00,WeChat Pay,  London  ,
ORD10167,CUST145,nan,P1002,Clothing,9,293.76,2024-01-07 23:00:00,PayPal,los angeles,SUMMER50
ORD10168,CUST190,Grace,P1004,Clothing,1,$258.60,2024-01-08 00:00:00,PayPal,,
ORD10169,CUST53,,P1002,Home,1,$389.17,2024-01-08 01:00:00,Alipay,TOKYO,
ORD10170,CUST190,Eve,P1002,Home,19,$264.62,2024-01-08 02:00:00,card ,Shanghai,
ORD10171,CUST197,Eve,P1001,Home,12,$241.25,2024-01-08 03:00:00,CASH,,
ORD10172,CUST109,nan,P1005,Books,10,$382.70,2024-01-08 04:00:00,CASH,,
ORD10173,CUST167,nan,P1003,Electronics,6,$322.56,2024-01-08 05:00:00,CASH,nan,SUMMER50
ORD10174,CUST165,nan,P1005,Electronics,6,$90.49,2024-01-08 06:00:00,Alipay,Beijing,
ORD10175,CUST174,Charlie,P1002,Home,16,$388.14,2024-01-08 07:00:00,Alipay,los angeles,
ORD10176,CUST184,Grace,P1004,Electronics,16,$393.62,2024-01-08 08:00:00,CASH,Beijing,SUMMER50
ORD10177,CUST184,Alice,P1006,Clothing,19,$174.32,2024-01-08 09:00:00,CASH,Shanghai,
ORD10178,CUST171,Diana,P1006,Clothing,8,$115.39,2024-01-08 10:00:00,Alipay,Beijing,
ORD10179,CUST10,Charlie,P1004,Clothing,5,$350.04,2024-01-08 11:00:00,Credit Card,New York,
ORD10180,CUST169,Alice,P1004,Unknown,19,$151.94,2024-01-08 12:00:00,PayPal,New York,WELCOME20
ORD10181,CUST181, Henry ,P1006,Clothing,8,$435.78,2024-01-08 13:00:00,card ,nan,SAVE10
ORD10182,CUST78, Henry ,P1003,Unknown,18,36.49,2024-01-08 14:00:00,Alipay,,
ORD10183,CUST122,Charlie,P1004,Home,14,$497.39,2024-01-08 15:00:00,WeChat Pay,Shanghai,
ORD10184,CUST30,nan,P1005,Unknown,8,$382.00,2024-01-08 16:00:00,WeChat Pay,New York,
ORD10185,CUST152,Charlie,P1006,Electronics,16,$310.87,2024-01-08 17:00:00,Credit Card,nan,
ORD10186,CUST124,Frank,INVALID,Home,8,$109.30,2024-01-08 18:00:00,Credit Card,,
ORD10187,CUST190,Alice,P1001,Clothing,14,$214.56,2024-01-08 19:00:00, credit card ,New York,SUMMER50
ORD10188,CUST150, Henry ,INVALID,Books,12,$103.15,2024-01-08 20:00:00,Credit Card,los angeles,SUMMER50
ORD10189,CUST124,Eve,P1003,Home,2,$179.71,2024-01-08 21:00:00,Credit Card,,SUMMER50
ORD10190,CUST187,Alice,P1004,Electronics,14,$137.09,2024-01-08 22:00:00,Alipay,New York,
ORD10191,CUST60,Grace,P1005,Clothing,5,$90.83,2024-01-08 23:00:00,WeChat Pay,nan,
ORD10192,CUST164,,P1003,Electronics,18,20.53,2024-01-09 00:00:00,card ,Shanghai,
ORD10193,CUST112,nan,P1001,Electronics,4,$61.05,2024-01-09 01:00:00,CASH,Mumbai,WELCOME20
ORD10194,CUST94,,P1001,Clothing,12,$131.00,2024-01-09 02:00:00,WeChat Pay,Shanghai,SAVE10
ORD10195,CUST153,Frank,P1001,Home,9,$214.72,2024-01-09 03:00:00,Alipay,Beijing,
ORD10196,CUST137,nan,P1004,Electronics,4,$310.96,2024-01-09 04:00:00,card ,nan,
ORD10197,CUST105,nan,P1003,Electronics,5,$372.38,2024-01-09 05:00:00,CASH,,
ORD10198,CUST163,Eve,INVALID,Clothing,16,$377.16,2024-01-09 06:00:00,Credit Card,New York,SUMMER50
ORD10199,CUST91, Henry ,P9999,Electronics,4,$235.77,2024-01-09 07:00:00,WeChat Pay,TOKYO,
ORD10200,CUST99,Frank,P1006,Clothing,13,$397.77,2024-01-09 08:00:00,Credit Card,New York,WELCOME20
ORD10201,CUST113,Bob,INVALID,Clothing,16,$369.01,2024-01-09 09:00:00,Credit Card,,
ORD10202,CUST79,Bob,INVALID,Clothing,2,$281.37,2024-01-09 10:00:00,WeChat Pay,TOKYO,
ORD10203,CUST26,nan,INVALID,Clothing,11,$43.41,2024-01-09 11:00:00,Alipay,los angeles,SAVE10
ORD10204,CUST100,Alice,P1001,Electronics,13,$376.52,2024-01-09 12:00:00,PayPal,Mumbai,
ORD10205,CUST156, Henry ,P1006,Electronics,2,$480.15,2024-01-09 13:00:00,PayPal,  London  ,
ORD10206,CUST187,Bob,P1003,Clothing,4,$307.89,2024-01-09 14:00:00,Alipay,Mumbai,
ORD10207,CUST162,,P1003,Books,5,$400.61,2024-01-09 15:00:00,Alipay,MUMBAI,
ORD10208,CUST11,Grace,P1003,Home,14,$347.29,2024-01-09 16:00:00,PayPal,New York,
ORD10209,CUST63,Charlie,INVALID,Books,9,$477.78,2024-01-09 17:00:00,PayPal,Mumbai,SUMMER50
ORD10210,CUST172,nan,P1001,Electronics,17,$38.54,2024-01-09 18:00:00,Credit Card,Shanghai,
ORD10211,CUST88,Alice,P1001,Clothing,5,$184.29,2024-01-09 19:00:00,Alipay,LOS ANGELES,SAVE10
ORD10212,CUST175,Diana,P1002,Electronics,3,$35.95,2024-01-09 20:00:00,Credit Card,New York,SAVE10
ORD10213,CUST48,,P9999,Electronics,5,$227.30,2024-01-09 21:00:00,Credit Card,nan,
ORD10214,CUST13,Bob,P1002,Books,19,$279.02,2024-01-09 22:00:00,WeChat Pay,  LONDON  ,
ORD10215,CUST170,nan,INVALID,Electronics,19,$275.53,2024-01-09 23:00:00,CASH,,WELCOME20
ORD10216,CUST170,,INVALID,Books,8,$106.38,2024-01-10 00:00:00,CASH,Mumbai,
ORD10217,CUST66,,INVALID,Electronics,14,$310.03,2024-01-10 01:00:00,card ,  London  ,
ORD10218,CUST175, Henry ,P1003,Electronics,15,$432.66,2024-01-10 02:00:00,WeChat Pay,TOKYO,SAVE10
ORD10219,CUST189,nan,INVALID,Books,5,$378.71,2024-01-10 03:00:00,Alipay,Mumbai,
ORD10220,CUST109,Diana,INVALID,Electronics,9,18.38,2024-01-10 04:00:00,Credit Card,,WELCOME20
ORD10221,CUST165,Diana,P1002,Clothing,6,$212.40,2024-01-10 05:00:00,Credit Card,,
ORD10222,CUST91, Henry ,P1002,Electronics,5,$391.27,2024-01-10 06:00:00,card ,New York,
ORD10223,CUST139,Charlie,P1003,Books,5,$180.73,2024-01-10 07:00:00,PayPal,nan,SAVE10
ORD10224,CUST63,nan,P1005,Electronics,9,$67.25,2024-01-10 08:00:00,Alipay,Shanghai,SAVE10
ORD10225,CUST177,Grace,P1005,Electronics,13,$415.76,2024-01-10 09:00:00,Alipay,Beijing,
ORD10226,CUST62,nan,P1001,Home,18,$417.42,2024-01-10 10:00:00,card ,NEW YORK,
ORD10227,CUST191,,P1006,Clothing,17,$204.03,2024-01-10 11:00:00,Alipay,Beijing,
ORD10228,CUST84,nan,P1001,Home,13,$224.64,2024-01-10 12:00:00,Credit Card,Beijing,SAVE10
ORD10229,CUST168, Henry ,P1005,Clothing,17,$380.36,2024-01-10 13:00:00,CASH,los angeles,
ORD10230,CUST81,Bob,P1005,Home,5,$279.57,2024-01-10 14:00:00,WeChat Pay,MUMBAI,SUMMER50
ORD10231,CUST25,Frank,INVALID,Books,7,$11.67,2024-01-10 15:00:00,WeChat Pay,New York,SAVE10
ORD10232,CUST115,Charlie,P1003,Clothing,2,$488.47,2024-01-10 16:00:00,WeChat Pay,New York,SAVE10
ORD10233,CUST85,Charlie,P1001,Books,11,$440.98,2024-01-10 17:00:00,CASH,,WELCOME20
ORD10234,CUST5,nan,INVALID,Home,14,$258.92,2024-01-10 18:00:00,Credit Card,Shanghai,WELCOME20
ORD10235,CUST200, Henry ,P1001,Clothing,-5,$65.67,2024-01-10 19:00:00,PayPal,  London  ,
ORD10236,CUST47,Alice,P1004,Books,18,$217.76,2024-01-10 20:00:00,Credit Card,Shanghai,SAVE10
ORD10237,CUST140,Alice,INVALID,Books,8,$444.39,2024-01-10 21:00:00,WeChat Pay,nan,SUMMER50
ORD10238,CUST13,nan,P1004,Home,6,$73.25,2024-01-10 22:00:00,Alipay,nan,
ORD10239,CUST177,Grace,P1004,Electronics,13,$485.79,2024-01-10 23:00:00,PayPal,nan,SUMMER50
ORD10240,CUST182,,P1006,Electronics,9,$32.86,2024-01-11 00:00:00,card ,  London  ,SAVE10
ORD10241,CUST187,Eve,P1001,Electronics,4,$246.07,2024-01-11 01:00:00,PayPal,,WELCOME20
ORD10242,CUST49,Bob,P1004,Electronics,12,$400.50,2024-01-11 02:00:00,card ,Mumbai,
ORD10243,CUST63,nan,P1003,Books,12,$163.92,2024-01-11 03:00:00,Credit Card,,
ORD10244,CUST65,nan,INVALID,Clothing,14,$139.79,2024-01-11 04:00:00,Alipay,nan,
ORD10245,CUST4, Henry ,P9999,Unknown,4,$474.03,2024-01-11 05:00:00,Alipay,  London  ,SAVE10
ORD10246,CUST45,Bob,INVALID,Electronics,13,$70.32,2024-01-11 06:00:00,Credit Card,Shanghai,
ORD10247,CUST11,,P1005,Electronics,14,193.69,2024-01-11 07:00:00,card ,Shanghai,SAVE10
ORD10248,CUST42,Diana,P1003,Electronics,16,$329.89,2024-01-11 08:00:00,Credit Card,  London  ,
ORD10249,CUST161,Grace,INVALID,Unknown,14,$174.92,2024-01-11 09:00:00,PayPal,nan,SUMMER50
ORD10250,CUST168,Bob,P1001,Electronics,10,$147.94,2024-01-11 10:00:00,card ,New York,
ORD10251,CUST179,Frank,P1004,Clothing,7,$56.08,2024-01-11 11:00:00,PayPal,nan,
ORD10252,CUST126,Eve,P1006,Clothing,4,$184.76,2024-01-11 12:00:00,CASH,nan,SAVE10
ORD10253,CUST4,Charlie,P1004,Unknown,16,$290.78,2024-01-11 13:00:00,WeChat Pay,Shanghai,SUMMER50
ORD10254,CUST106,Grace,P1006,Books,7,$377.27,2024-01-11 14:00:00,Alipay,,SAVE10
ORD10255,CUST37,nan,INVALID,Electronics,10,$53.78,2024-01-11 15:00:00,Alipay,TOKYO,SUMMER50
ORD10256,CUST46,Charlie,INVALID,Clothing,17,$63.34,2024-01-11 16:00:00,Alipay,Shanghai,
ORD10257,CUST80,Diana,P1004,Electronics,6,$224.22,2024-01-11 17:00:00,card ,New York,SAVE10
ORD10258,CUST16,nan,P1001,Electronics,2,$229.08,2024-01-11 18:00:00,Alipay,New York,WELCOME20
ORD10259,CUST172,Eve,P1001,Home,12,$194.69,2024-01-11 19:00:00,Credit Card,NAN,
ORD10260,CUST21,Alice,P1005,Home,1,$307.24,2024-01-11 20:00:00,card ,,SAVE10
ORD10261,CUST151, Henry ,INVALID,Home,11,$479.81,2024-01-11 21:00:00,CASH,Mumbai,
ORD10262,CUST161,Alice,P1006,Clothing,17,$43.11,2024-01-11 22:00:00,WeChat Pay,MUMBAI,
ORD10263,CUST134,nan,P1005,Books,8,$246.80,2024-01-11 23:00:00,WeChat Pay,,
ORD10264,CUST174,Frank,INVALID,Books,9,$178.87,2024-01-12 00:00:00,WeChat Pay,Shanghai,
ORD10265,CUST185,Bob,P1006,Clothing,9,$468.13,2024-01-12 01:00:00,Credit Card,Beijing,
ORD10266,CUST78,,INVALID,Books,3,$55.31,2024-01-12 02:00:00,PayPal,Shanghai,SUMMER50
ORD10267,CUST69,Frank,P1001,Electronics,5,$127.29,2024-01-12 03:00:00,PayPal,TOKYO,
ORD10268,CUST71,Bob,P9999,Books,6,$285.97,2024-01-12 04:00:00,Alipay,New York,
ORD10269,CUST200,Grace,P1006,Books,10,$67.15,2024-01-12 05:00:00,Credit Card,New York,SUMMER50
ORD10270,CUST148,,INVALID,Home,6,$329.50,2024-01-12 06:00:00,Alipay,Beijing,SUMMER50
ORD10271,CUST168,,P1001,Home,5,$471.35,2024-01-12 07:00:00,CASH,New York,SAVE10
ORD10272,CUST32,Charlie,P1004,Home,15,$264.45,2024-01-12 08:00:00,PayPal,New York,WELCOME20
ORD10273,CUST78,Alice,P1003,Clothing,13,$119.67,2024-01-12 09:00:00,WeChat Pay,nan,WELCOME20
ORD10274,CUST194,nan,P1006,Home,-5,$414.66,2024-01-12 10:00:00,PayPal,Shanghai,
ORD10275,CUST67,,P1004,Electronics,5,$487.33,2024-01-12 11:00:00,Alipay,Shanghai,
ORD10276,CUST102,Eve,INVALID,Clothing,19,$272.80,2024-01-12 12:00:00,CASH,New York,SUMMER50
ORD10277,CUST104,Eve,P1001,Books,13,$259.54,2024-01-12 13:00:00,CASH,Beijing,WELCOME20
ORD10278,CUST89,nan,P1002,Home,19,$406.84,2024-01-12 14:00:00,card ,Shanghai,
ORD10279,CUST133,Frank,P1006,Unknown,2,$211.42,2024-01-12 15:00:00,Alipay,  London  ,
ORD10280,CUST139,Alice,P1005,Books,14,$341.76,2024-01-12 16:00:00,card ,,
ORD10281,CUST56,Bob,P1002,Unknown,10,$332.89,2024-01-12 17:00:00,card ,  London  ,WELCOME20
ORD10282,CUST200,Charlie,P1002,Electronics,13,$428.64,2024-01-12 18:00:00,PayPal,,
ORD10283,CUST139,Grace,P1006,Home,9,$45.86,2024-01-12 19:00:00,PayPal,New York,SAVE10
ORD10284,CUST107, Henry ,P1002,Electronics,5,$451.65,2024-01-12 20:00:00,CASH,TOKYO,
ORD10285,CUST13,Diana,INVALID,Electronics,12,$31.73,2024-01-12 21:00:00,card ,TOKYO,WELCOME20
ORD10286,CUST43,Grace,P1004,Electronics,5,$137.35,2024-01-12 22:00:00,Alipay,Shanghai,WELCOME20
ORD10287,CUST177,Diana,P1006,Clothing,16,$243.93,2024-01-12 23:00:00,Credit Card,New York,WELCOME20
ORD10288,CUST146,Charlie,INVALID,Electronics,16,$330.46,2024-01-13 00:00:00,Alipay,nan,
ORD10289,CUST139,nan,P1001,Electronics,11,$277.33,2024-01-13 01:00:00,Credit Card,nan,WELCOME20
ORD10290,CUST40,Diana,P1006,Electronics,9,131.57,2024-01-13 02:00:00,PayPal,los angeles,
ORD10291,CUST21,Eve,P1001,Clothing,3,$380.31,2024-01-13 03:00:00,PayPal,,
ORD10292,CUST125,Diana,P9999,Home,17,$104.47,2024-01-13 04:00:00,Alipay,TOKYO,SAVE10
ORD10293,CUST53,Grace,P1001,Home,3,$226.86,2024-01-13 05:00:00,PayPal,New York,SAVE10
ORD10294,CUST171,,P1004,Electronics,8,121.01,2024-01-13 06:00:00,card ,nan,
ORD10295,CUST27,Alice,P1006,Clothing,3,$465.50,2024-01-13 07:00:00,CASH,nan,SUMMER50
ORD10296,CUST167,Eve,INVALID,Home,17,$164.21,2024-01-13 08:00:00,WeChat Pay,  London  ,WELCOME20
ORD10297,CUST11,,P1004,Home,1,$440.56,2024-01-13 09:00:00,Alipay,Beijing,SUMMER50
ORD10298,CUST39,Eve,P1002,Electronics,11,$48.37,2024-01-13 10:00:00,Alipay,  London  ,
ORD10299,CUST167,Alice,P1001,Clothing,7,$147.72,2024-01-13 11:00:00,WeChat Pay,  London  ,SUMMER50
ORD10300,CUST163,Frank,P1001,Books,2,$422.16,2024-01-13 12:00:00,Alipay,TOKYO,WELCOME20
ORD10301,CUST180, Henry ,P1001,Books,5,$100.22,2024-01-13 13:00:00,Alipay,Shanghai,WELCOME20
ORD10302,CUST90,Eve,P1005,Electronics,19,$106.49,2024-01-13 14:00:00,PayPal,Shanghai,
ORD10303,CUST199,nan,P1001,Home,19,$401.59,2024-01-13 15:00:00,Alipay,,
ORD10304,CUST124, Henry ,P1002,Electronics,17,$425.83,2024-01-13 16:00:00,card ,  London  ,WELCOME20
ORD10305,CUST173,Frank,P1002,Home,3,$148.81,2024-01-13 17:00:00,CASH,New York,
ORD10306,CUST159,,P1005,Clothing,17,$70.91,2024-01-13 18:00:00,card ,  London  ,SAVE10
ORD10307,CUST158,nan,P1001,Unknown,11,119.79,2024-01-13 19:00:00,card ,  LONDON  ,
ORD10308,CUST177,,P1005,Home,17,$383.49,2024-01-13 20:00:00,PayPal,  London  ,
ORD10309,CUST73,nan,P1001,Books,17,$295.29,2024-01-13 21:00:00,WeChat Pay,,SAVE10
ORD10310,CUST50, Henry ,P1004,Books,12,$89.38,2024-01-13 22:00:00,CASH,los angeles,
ORD10311,CUST29,Diana,P1003,Home,3,$246.08,2024-01-13 23:00:00,WeChat Pay,New York,SUMMER50
ORD10312,CUST42,Charlie,P1002,Books,6,$57.92,2024-01-14 00:00:00,CASH,Shanghai,WELCOME20
ORD10313,CUST152,Grace,P1001,Electronics,3,$142.90,2024-01-14 01:00:00,CASH,  London  ,SUMMER50
ORD10314,CUST7,Grace,P1001,Home,2,477.3,2024-01-14 02:00:00,card ,Beijing,SUMMER50
ORD10315,CUST20,Frank,INVALID,Books,3,$165.80,2024-01-14 03:00:00,Credit Card,,
ORD10316,CUST147,,P1003,Unknown,14,242.19,2024-01-14 04:00:00,Credit Card,Beijing,SUMMER50
ORD10317,CUST28, Henry ,P1003,Home,17,$461.24,2024-01-14 05:00:00,Alipay,,
ORD10318,CUST182,nan,INVALID,Home,17,$247.45,2024-01-14 06:00:00,Credit Card,,WELCOME20
ORD10319,CUST130,nan,P1001,Electronics,19,$423.49,2024-01-14 07:00:00,Credit Card,Shanghai,
ORD10320,CUST191,nan,P1006,Home,2,$56.03,2024-01-14 08:00:00,Credit Card,Beijing,
ORD10321,CUST195,,P1006,Books,3,$203.32,2024-01-14 09:00:00,Credit Card,nan,
ORD10322,CUST137,Charlie,P1001,Electronics,2,$191.00,2024-01-14 10:00:00,Credit Card,  London  ,SAVE10
ORD10323,CUST177,,P1005,Books,13,$136.83,2024-01-14 11:00:00,CASH,New York,
ORD10324,CUST24,Diana,P1001,Electronics,19,$148.66,2024-01-14 12:00:00,CASH,Shanghai,
ORD10325,CUST61,Grace,P1001,Books,5,$169.44,2024-01-14 13:00:00,WeChat Pay,  London  ,SAVE10
ORD10326,CUST68,nan,P1005,Electronics,16,$100.61,2024-01-14 14:00:00,WeChat Pay,nan,WELCOME20
ORD10327,CUST60,Grace,P1006,Home,4,$247.58,2024-01-14 15:00:00,Alipay,nan,
ORD10328,CUST14,nan,P1004,Clothing,10,$450.37,2024-01-14 16:00:00,CASH,,
ORD10329,CUST113,,P1001,Electronics,14,$264.28,2024-01-14 17:00:00,Credit Card,TOKYO,
ORD10330,CUST42,Charlie,P1001,Clothing,17,$83.30,2024-01-14 18:00:00, credit card ,Mumbai,
ORD10331,CUST149,,P1005,Home,6,$80.71,2024-01-14 19:00:00,WeChat Pay,New York,
ORD10332,CUST72,Diana,P1002,Unknown,12,$403.82,2024-01-14 20:00:00,PayPal,New York,SUMMER50
ORD10333,CUST48,nan,P1006,Unknown,10,$20.27,2024-01-14 21:00:00,Credit Card,,
ORD10334,CUST30,Grace,INVALID,Clothing,6,$225.32,2024-01-14 22:00:00,CASH,,
ORD10335,CUST14,nan,P1001,Books,5,$84.02,2024-01-14 23:00:00,CASH,Beijing,WELCOME20
ORD10336,CUST60,Charlie,P1006,Clothing,9,$291.73,2024-01-15 00:00:00,CASH,los angeles,
ORD10337,CUST122,Frank,P1005,Clothing,11,$229.25,2024-01-15 01:00:00,card ,TOKYO,SUMMER50
ORD10338,CUST176,,P1001,Books,16,$137.86,2024-01-15 02:00:00,Credit Card,Mumbai,
ORD10339,CUST78,,P1005,Home,10,$110.49,2024-01-15 03:00:00,CASH,TOKYO,
ORD10340,CUST89,Grace,P1004,Electronics,7,$217.77,2024-01-15 04:00:00,Alipay,,SAVE10
ORD10341,CUST117,Eve,P1001,Clothing,4,217.19,2024-01-15 05:00:00,PayPal,Beijing,
ORD10342,CUST38,Frank,P1002,Home,1,$48.34,2024-01-15 06:00:00, credit card ,,
ORD10343,CUST10,Charlie,P1006,Home,16,$216.83,2024-01-15 07:00:00,CASH,New York,
ORD10344,CUST9,nan,P1002,Electronics,6,$392.36,2024-01-15 08:00:00,WeChat Pay,Beijing,
ORD10345,CUST124,,P1006,Books,11,$386.33,2024-01-15 09:00:00,WeChat Pay,nan,
ORD10346,CUST78,Frank,P1002,Electronics,18,$318.42,2024-01-15 10:00:00,card ,Shanghai,WELCOME20
ORD10347,CUST108,,P1004,Electronics,12,$77.57,2024-01-15 11:00:00,PayPal,  London  ,
ORD10348,CUST46,Bob,P1003,Books,14,$10.43,2024-01-15 12:00:00,CASH,Shanghai,
ORD10349,CUST107,Frank,P1003,Books,9,$208.13,2024-01-15 13:00:00,card ,,WELCOME20
ORD10350,CUST169,Bob,P1001,Books,8,$432.16,2024-01-15 14:00:00,WeChat Pay,  London  ,SAVE10
ORD10351,CUST60,nan,P1006,Clothing,7,$338.33,2024-01-15 15:00:00,WeChat Pay,nan,SUMMER50
ORD10352,CUST59,Eve,P1004,Electronics,15,$389.96,2024-01-15 16:00:00,card ,Mumbai,SAVE10
ORD10353,CUST129,nan,P1004,Books,6,226.19,2024-01-15 17:00:00,Credit Card,Shanghai,SUMMER50
ORD10354,CUST160, Henry ,P1006,Books,1,$10000.00,2024-01-15 18:00:00,card ,Mumbai,
ORD10355,CUST68,nan,P1002,Books,13,$298.71,2024-01-15 19:00:00,CASH,BEIJING,
ORD10356,CUST141,,P1003,Clothing,4,$430.02,2024-01-15 20:00:00,Alipay,,SUMMER50
ORD10357,CUST47,nan,P1002,Electronics,11,$128.34,2024-01-15 21:00:00,WeChat Pay,  London  ,
ORD10358,CUST14, Henry ,P1005,Home,1,$392.76,2024-01-15 22:00:00,card ,,
ORD10359,CUST74,Grace,P1002,Home,3,$346.37,2024-01-15 23:00:00,Credit Card,,SUMMER50
ORD10360,CUST127, Henry ,P1002,Home,15,$191.82,2024-01-16 00:00:00,WeChat Pay,los angeles,
ORD10361,CUST180,,P1003,Clothing,6,$376.34,2024-01-16 01:00:00,WeChat Pay,,
ORD10362,CUST25,,INVALID,Home,8,$68.19,2024-01-16 02:00:00,Alipay,Mumbai,
ORD10363,CUST107,Frank,INVALID,Electronics,2,$273.37,2024-01-16 03:00:00,Credit Card,  London  ,
ORD10364,CUST178,Frank,P9999,Books,4,349.34,2024-01-16 04:00:00,PayPal,nan,WELCOME20
ORD10365,CUST156,,P1006,Clothing,11,$374.48,2024-01-16 05:00:00,Credit Card,Shanghai,
ORD10366,CUST48,Charlie,P1002,Clothing,14,$367.84,2024-01-16 06:00:00,PayPal,,WELCOME20
ORD10367,CUST90,nan,P1002,Books,7,$423.01,2024-01-16 07:00:00,Alipay,los angeles,
ORD10368,CUST183,Diana,P1005,Unknown,5,$258.35,2024-01-16 08:00:00,CASH,Beijing,
ORD10369,CUST190,Charlie,P1006,Clothing,1,$393.61,2024-01-16 09:00:00,Alipay,nan,
ORD10370,CUST40,Diana,P1002,Clothing,10,$365.83,2024-01-16 10:00:00,CASH,Mumbai,
ORD10371,CUST27, Henry ,P1006,Electronics,3,$127.66,2024-01-16 11:00:00,WeChat Pay,  London  ,SAVE10
ORD10372,CUST187,Charlie,P1006,Books,4,$382.42,2024-01-16 12:00:00,card ,Beijing,WELCOME20
ORD10373,CUST28,nan,P1001,Clothing,6,$418.44,2024-01-16 13:00:00,CASH,  London  ,
ORD10374,CUST92,Grace,P1006,Home,4,40.95,2024-01-16 14:00:00,WeChat Pay,,SAVE10
ORD10375,CUST176,,INVALID,Unknown,3,$156.36,2024-01-16 15:00:00,Alipay,,
ORD10376,CUST44,nan,P1003,Books,9,$302.76,2024-01-16 16:00:00,card ,TOKYO,SUMMER50
ORD10377,CUST53,nan,P1001,Books,14,$496.30,2024-01-16 17:00:00,PayPal,Shanghai,
ORD10378,CUST180,Bob,P1003,Electronics,9,444.8,2024-01-16 18:00:00,Alipay,Shanghai,
ORD10379,CUST17,Bob,P1004,Clothing,7,308.37,2024-01-16 19:00:00,Alipay,los angeles,SUMMER50
ORD10380,CUST128,Charlie,P1004,Clothing,2,$422.79,2024-01-16 20:00:00,PayPal,nan,
ORD10381,CUST57,Bob,P1005,Clothing,6,$272.23,2024-01-16 21:00:00,PayPal,New York,
ORD10382,CUST143,Grace,P1005,Electronics,13,$99.04,2024-01-16 22:00:00,Alipay,,SAVE10
ORD10383,CUST79, Henry ,P1001,Home,11,$434.63,2024-01-16 23:00:00,WeChat Pay,TOKYO,WELCOME20
ORD10384,CUST51,Frank,P1005,Home,15,$202.27,2024-01-17 00:00:00,WeChat Pay,,
ORD10385,CUST137,nan,INVALID,Electronics,5,$94.22,2024-01-17 01:00:00,card ,TOKYO,
ORD10386,CUST166,Grace,P1001,Home,11,$391.12,2024-01-17 02:00:00,CASH,los angeles,
ORD10387,CUST28,Bob,P1003,Home,4,$73.20,2024-01-17 03:00:00,card ,Beijing,WELCOME20
ORD10388,CUST96,Frank,P1004,Clothing,15,$347.84,2024-01-17 04:00:00,WeChat Pay,Beijing,SAVE10
ORD10389,CUST171,Diana,P1006,Electronics,7,$198.95,2024-01-17 05:00:00,CASH,,SUMMER50
ORD10390,CUST42,nan,P1001,Electronics,17,$395.27,2024-01-17 06:00:00,Credit Card,Shanghai,WELCOME20
ORD10391,CUST119,nan,INVALID,Home,9,$158.15,2024-01-17 07:00:00,WeChat Pay,  London  ,
ORD10392,CUST50,nan,P1003,Clothing,1,$336.05,2024-01-17 08:00:00,Credit Card,  London  ,WELCOME20
ORD10393,CUST112,nan,P1001,Electronics,17,$247.56,2024-01-17 09:00:00,PayPal,  London  ,SUMMER50
ORD10394,CUST142,Frank,P1006,Home,2,$202.73,2024-01-17 10:00:00,card ,Mumbai,
ORD10395,CUST143,,INVALID,Clothing,19,$146.88,2024-01-17 11:00:00,PayPal,TOKYO,
ORD10396,CUST166,Diana,P1001,Electronics,17,$416.06,2024-01-17 12:00:00,Alipay,nan,
ORD10397,CUST162,,P1002,Home,16,$87.85,2024-01-17 13:00:00,Alipay,New York,
ORD10398,CUST67,,P1003,Electronics,14,$198.99,2024-01-17 14:00:00,PayPal,los angeles,SAVE10
ORD10399,CUST61,Alice,P1002,Unknown,7,$84.25,2024-01-17 15:00:00,card ,,SAVE10
ORD10400,CUST198,Bob,P1006,Home,4,$149.36,2024-01-17 16:00:00,CASH,New York,SUMMER50
ORD10401,CUST45, Henry ,P1001,Electronics,10,$376.97,2024-01-17 17:00:00,card ,,
ORD10402,CUST165,Eve,P1006,Electronics,12,$242.74,2024-01-17 18:00:00,Alipay,Shanghai,WELCOME20
ORD10403,CUST60,nan,P1003,Home,12,$114.36,2024-01-17 19:00:00,WeChat Pay,Beijing,SAVE10
ORD10404,CUST112,nan,P1002,Electronics,4,$203.12,2024-01-17 20:00:00,Credit Card,New York,
ORD10405,CUST170,Grace,P1004,Electronics,4,$288.29,2024-01-17 21:00:00,WeChat Pay,  London  ,
ORD10406,CUST15,Eve,P1006,Home,12,$210.01,2024-01-17 22:00:00,PayPal,TOKYO,SAVE10
ORD10407,CUST93,Charlie,P1006,Electronics,5,$58.66,2024-01-17 23:00:00,WeChat Pay,Mumbai,WELCOME20
ORD10408,CUST73,Alice,INVALID,Books,17,$27.00,2024-01-18 00:00:00,card ,Shanghai,SUMMER50
ORD10409,CUST27,nan,P1003,Home,6,$419.74,2024-01-18 01:00:00,Alipay,Beijing,
ORD10410,CUST72,Charlie,P1005,Home,1,47.52,2024-01-18 02:00:00,PayPal,TOKYO,WELCOME20
ORD10411,CUST158,Bob,P1003,Books,18,$300.19,2024-01-18 03:00:00,Credit Card,los angeles,WELCOME20
ORD10412,CUST128,Eve,P1003,Home,4,$403.66,2024-01-18 04:00:00,Credit Card,los angeles,WELCOME20
ORD10413,CUST43,nan,P1005,Unknown,1,$185.22,2024-01-18 05:00:00,Alipay,nan,
ORD10414,CUST161,Eve,P1006,Clothing,2,$324.92,2024-01-18 06:00:00,WeChat Pay,nan,
ORD10415,CUST162,Grace,P1004,Electronics,16,$348.69,2024-01-18 07:00:00,PayPal,los angeles,
ORD10416,CUST90,nan,P1003,Electronics,11,$91.23,2024-01-18 08:00:00,WeChat Pay,Shanghai,
ORD10417,CUST57,Charlie,INVALID,Books,17,$293.70,2024-01-18 09:00:00,CASH,,
ORD10418,CUST176,Alice,P1005,Electronics,4,$277.55,2024-01-18 10:00:00,CASH,,SAVE10
ORD10419,CUST120,Diana,P1003,Electronics,2,$27.17,2024-01-18 11:00:00,card ,  London  ,WELCOME20
ORD10420,CUST18,nan,P1004,Clothing,12,$34.94,2024-01-18 12:00:00, credit card ,Shanghai,
ORD10421,CUST27,,P1001,Home,4,$381.09,2024-01-18 13:00:00,PayPal,Shanghai,
ORD10422,CUST141,Charlie,P1002,Clothing,2,$226.48,2024-01-18 14:00:00,WeChat Pay,BEIJING,SUMMER50
ORD10423,CUST124,Bob,P1004,Clothing,11,$457.02,2024-01-18 15:00:00,CASH,los angeles,
ORD10424,CUST164, Henry ,P1001,Electronics,11,$369.92,2024-01-18 16:00:00,WeChat Pay,Mumbai,
ORD10425,CUST143,,P1002,Electronics,3,479.06,2024-01-18 17:00:00,Alipay,New York,
ORD10426,CUST85,nan,P1004,Electronics,8,$477.92,2024-01-18 18:00:00,PayPal,  London  ,WELCOME20
ORD10427,CUST139,Frank,P1005,Home,9,$113.25,2024-01-18 19:00:00,Alipay,,
ORD10428,CUST172,Grace,P1005,Books,14,428.72,2024-01-18 20:00:00,CASH,MUMBAI,WELCOME20
ORD10429,CUST81,Eve,P1006,Electronics,3,$304.92,2024-01-18 21:00:00,WeChat Pay,los angeles,
ORD10430,CUST103,Eve,P1004,Electronics,1,$62.84,2024-01-18 22:00:00,WeChat Pay,  London  ,
ORD10431,CUST176,,P1001,Books,17,$162.43,2024-01-18 23:00:00,WeChat Pay,,
ORD10432,CUST182,Bob,P1004,Home,9,$371.58,2024-01-19 00:00:00,Alipay,Beijing,
ORD10433,CUST172,Alice,INVALID,Home,2,$314.38,2024-01-19 01:00:00,Credit Card,  London  ,
ORD10434,CUST74,nan,P1006,Home,5,$336.01,2024-01-19 02:00:00,WeChat Pay,nan,
ORD10435,CUST68,nan,P1001,Home,8,$407.37,2024-01-19 03:00:00,card ,Mumbai,SUMMER50
ORD10436,CUST165,Charlie,P1004,Books,10,$428.23,2024-01-19 04:00:00,CASH,los angeles,SUMMER50
ORD10437,CUST110,nan,P1002,Books,18,$287.14,2024-01-19 05:00:00,PayPal,nan,SUMMER50
ORD10438,CUST138,nan,P1001,Clothing,19,$454.28,2024-01-19 06:00:00,CASH,nan,
ORD10439,CUST150,,P1005,Home,5,$138.77,2024-01-19 07:00:00,CASH,Mumbai,SUMMER50
ORD10440,CUST70,Grace,INVALID,Home,14,$220.42,2024-01-19 08:00:00,card ,  London  ,SAVE10
ORD10441,CUST67,,P1006,Home,6,$227.27,2024-01-19 09:00:00,Credit Card,nan,SUMMER50
ORD10442,CUST197,nan,P1002,Unknown,5,291.9,2024-01-19 10:00:00,CASH,TOKYO,WELCOME20
ORD10443,CUST89,Diana,P1002,Electronics,13,$361.14,2024-01-19 11:00:00,PayPal,Shanghai,
ORD10444,CUST25,,P1003,Electronics,6,$264.56,2024-01-19 12:00:00,Credit Card,Shanghai,
ORD10445,CUST27,Frank,INVALID,Unknown,5,$75.84,2024-01-19 13:00:00,CASH,Shanghai,
ORD10446,CUST157,nan,P1004,Books,6,$480.15,2024-01-19 14:00:00,PayPal,  London  ,
ORD10447,CUST148,nan,P1003,Home,7,$459.27,2024-01-19 15:00:00,Alipay,  London  ,
ORD10448,CUST187,nan,P1004,Electronics,4,$192.49,2024-01-19 16:00:00,PayPal,los angeles,WELCOME20
ORD10449,CUST119,Frank,P1003,Home,6,$345.17,2024-01-19 17:00:00,CASH,  London  ,
ORD10450,CUST184,Eve,P1006,Books,16,$331.66,2024-01-19 18:00:00,card ,los angeles,
ORD10451,CUST8,Charlie,INVALID,Home,1,247.13,2024-01-19 19:00:00,CASH,TOKYO,
ORD10452,CUST11, Henry ,P1004,Clothing,14,$239.95,2024-01-19 20:00:00,WeChat Pay,los angeles,
ORD10453,CUST171,Bob,P1006,Electronics,11,$447.16,2024-01-19 21:00:00,Credit Card,Beijing,SAVE10
ORD10454,CUST136,nan,P1004,Electronics,1,$335.26,2024-01-19 22:00:00,PayPal,Shanghai,SAVE10
ORD10455,CUST103,Charlie,P1001,Clothing,7,$77.32,2024-01-19 23:00:00,card ,NAN,WELCOME20
ORD10456,CUST130,nan,P1006,Home,11,$256.11,2024-01-20 00:00:00,WeChat Pay,TOKYO,SAVE10
ORD10457,CUST13,nan,P1005,Books,18,$434.32,2024-01-20 01:00:00,PayPal,Mumbai,SAVE10
ORD10458,CUST34,Grace,P1005,Books,6,$13.76,2024-01-20 02:00:00,PayPal,New York,WELCOME20
ORD10459,CUST29,Frank,P1003,Clothing,13,$395.08,2024-01-20 03:00:00,Alipay,,
ORD10460,CUST29,Grace,P1005,Unknown,19,$262.84,2024-01-20 04:00:00,card ,Mumbai,WELCOME20
ORD10461,CUST60,Bob,P1006,Electronics,11,398.87,2024-01-20 05:00:00,CASH,Beijing,
ORD10462,CUST91,Diana,INVALID,Clothing,19,333.17,2024-01-20 06:00:00,WeChat Pay,,
ORD10463,CUST45,Eve,INVALID,Clothing,19,$279.68,2024-01-20 07:00:00,WeChat Pay,New York,
ORD10464,CUST23,nan,P1004,Clothing,4,$437.53,2024-01-20 08:00:00,CASH,  London  ,SAVE10
ORD10465,CUST50,Eve,P1001,Electronics,16,$80.92,2024-01-20 09:00:00,WeChat Pay,TOKYO,SAVE10
ORD10466,CUST192,,P1002,Home,7,$120.05,2024-01-20 10:00:00,card ,los angeles,
ORD10467,CUST40, Henry ,P1002,Home,19,$453.61,2024-01-20 11:00:00,card ,los angeles,
ORD10468,CUST66,nan,P1006,Home,10,$233.22,2024-01-20 12:00:00,CASH,New York,
ORD10469,CUST157,Eve,P1006,Electronics,10,$391.65,2024-01-20 13:00:00,WeChat Pay,Beijing,WELCOME20
ORD10470,CUST11,nan,P1003,Electronics,5,$175.66,2024-01-20 14:00:00,PayPal,Beijing,
ORD10471,CUST118,Grace,INVALID,Clothing,11,$255.86,2024-01-20 15:00:00, credit card ,TOKYO,SUMMER50
ORD10472,CUST111,,P1001,Electronics,10,$292.12,2024-01-20 16:00:00,PayPal,New York,
ORD10473,CUST193,Charlie,P1001,Electronics,11,$121.76,2024-01-20 17:00:00,WeChat Pay,TOKYO,SAVE10
ORD10474,CUST87,Eve,P1003,Home,17,$78.03,2024-01-20 18:00:00,CASH,Beijing,
ORD10475,CUST134,nan,P1006,Home,4,$326.97,2024-01-20 19:00:00,CASH,Shanghai,
ORD10476,CUST81,Diana,P1003,Home,7,$402.99,2024-01-20 20:00:00,Credit Card,los angeles,
ORD10477,CUST21,Grace,P1001,Electronics,15,228.24,2024-01-20 21:00:00,card ,Shanghai,SAVE10
ORD10478,CUST100,,P1005,Home,13,$356.50,2024-01-20 22:00:00,card ,los angeles,SAVE10
ORD10479,CUST7, Henry ,INVALID,Electronics,19,$170.41,2024-01-20 23:00:00,PayPal,New York,WELCOME20
ORD10480,CUST176,Grace,INVALID,Books,17,$430.92,2024-01-21 00:00:00,Alipay,TOKYO,
ORD10481,CUST21,nan,P1004,Books,10,$118.74,2024-01-21 01:00:00,Alipay,nan,
ORD10482,CUST64,Bob,P1005,Home,5,201.51,2024-01-21 02:00:00,Alipay,  London  ,
ORD10483,CUST183,nan,P1001,Books,15,$419.39,2024-01-21 03:00:00,Alipay,Mumbai,
ORD10484,CUST165,Bob,P1001,Books,10,$375.75,2024-01-21 04:00:00,card ,  London  ,
ORD10485,CUST9,Eve,P1001,Home,11,312.87,2024-01-21 05:00:00,WeChat Pay,los angeles,SAVE10
ORD10486,CUST184,,P1002,Electronics,1,$264.53,2024-01-21 06:00:00,WeChat Pay,los angeles,
ORD10487,CUST157,,P1002,Clothing,2,$321.15,2024-01-21 07:00:00,card ,Mumbai,
ORD10488,CUST199, Henry ,P1005,Home,4,$432.74,2024-01-21 08:00:00,Credit Card,Mumbai,WELCOME20
ORD10489,CUST171,Eve,P1002,Electronics,15,$492.75,2024-01-21 09:00:00,CASH,nan,WELCOME20
ORD10490,CUST39,nan,P1001,Clothing,-5,$217.16,2024-01-21 10:00:00,Credit Card,Mumbai,
ORD10491,CUST108,nan,P1003,Clothing,8,$361.83,2024-01-21 11:00:00,Alipay,Shanghai,
ORD10492,CUST29,,P1002,Electronics,17,$368.22,2024-01-21 12:00:00,CASH,Shanghai,
ORD10493,CUST106,Charlie,P1004,Electronics,19,$253.40,2024-01-21 13:00:00,PayPal,Mumbai,
ORD10494,CUST50, Henry ,P1002,Electronics,16,$252.45,2024-01-21 14:00:00,CASH,Beijing,SUMMER50
ORD10495,CUST30,Eve,P1001,Electronics,8,$370.97,2024-01-21 15:00:00,WeChat Pay,,
ORD10496,CUST194,,P1006,Clothing,12,$299.19,2024-01-21 16:00:00,Alipay,nan,
ORD10497,CUST1,Frank,P1005,Home,19,403.17,2024-01-21 17:00:00,Credit Card,New York,
ORD10498,CUST172,Bob,P1004,Clothing,19,$81.45,2024-01-21 18:00:00,WeChat Pay,TOKYO,
ORD10499,CUST86,nan,INVALID,Clothing,2,$35.72,2024-01-21 19:00:00,PayPal,New York,
ORD10500,CUST37,Diana,P1003,Clothing,19,$10000.00,2024-01-21 20:00:00,Alipay,Mumbai,
ORD10501,CUST200,Alice,P1004,Electronics,3,$124.61,2024-01-21 21:00:00,CASH,,
ORD10502,CUST198,Alice,INVALID,Clothing,16,$485.27,2024-01-21 22:00:00,PayPal,  London  ,WELCOME20
ORD10503,CUST54, Henry ,P1001,Home,12,$168.65,2024-01-21 23:00:00,Credit Card,,
ORD10504,CUST164,Bob,P1005,Clothing,19,109.87,2024-01-22 00:00:00,Alipay,Beijing,
ORD10505,CUST12, Henry ,P1003,Clothing,17,$283.64,2024-01-22 01:00:00,card ,nan,SAVE10
ORD10506,CUST35,Charlie,P1001,Clothing,1,$410.93,2024-01-22 02:00:00,PayPal,TOKYO,WELCOME20
ORD10507,CUST173,nan,P1004,Books,1,$114.28,2024-01-22 03:00:00,CASH,Shanghai,
ORD10508,CUST93,nan,P1001,Electronics,6,$406.44,2024-01-22 04:00:00,Credit Card,,WELCOME20
ORD10509,CUST170,Grace,P1006,Home,15,$249.29,2024-01-22 05:00:00,PayPal,Mumbai,SUMMER50
ORD10510,CUST97,Bob,INVALID,Electronics,1,$430.53,2024-01-22 06:00:00,CASH,,WELCOME20
ORD10511,CUST159,nan,P1004,Clothing,5,$275.40,2024-01-22 07:00:00,Credit Card,  London  ,WELCOME20
ORD10512,CUST26,nan,P1002,Electronics,9,$461.35,2024-01-22 08:00:00,Credit Card,,WELCOME20
ORD10513,CUST82,Frank,P1005,Unknown,9,$432.28,2024-01-22 09:00:00,Credit Card,,WELCOME20
ORD10514,CUST139,Bob,P1005,Electronics,3,$188.65,2024-01-22 10:00:00,PayPal,,SAVE10
ORD10515,CUST162,Alice,P1006,Electronics,7,345.91,2024-01-22 11:00:00,card ,,
ORD10516,CUST179,Charlie,P1002,Books,13,$188.16,2024-01-22 12:00:00,PayPal,TOKYO,WELCOME20
ORD10517,CUST132, Henry ,P1001,Home,16,$211.37,2024-01-22 13:00:00,CASH,nan,
ORD10518,CUST90,nan,P1003,Clothing,15,$379.71,2024-01-22 14:00:00,WeChat Pay,Mumbai,
ORD10519,CUST62,Frank,P1004,Home,9,$99.72,2024-01-22 15:00:00,Credit Card,,
ORD10520,CUST40,Grace,P1003,Clothing,9,$143.38,2024-01-22 16:00:00,WeChat Pay,,
ORD10521,CUST24,Diana,P1002,Electronics,11,$480.54,2024-01-22 17:00:00,CASH,Shanghai,SAVE10
ORD10522,CUST77,nan,P1001,Electronics,10,$229.45,2024-01-22 18:00:00,CASH,los angeles,
ORD10523,CUST3,Diana,INVALID,Electronics,15,$81.30,2024-01-22 19:00:00,card ,nan,
ORD10524,CUST192,Alice,P1001,Books,11,$379.19,2024-01-22 20:00:00,Alipay,Beijing,WELCOME20
ORD10525,CUST78,nan,P1002,Books,7,$280.96,2024-01-22 21:00:00, credit card ,New York,SUMMER50
ORD10526,CUST6,Diana,INVALID,Clothing,10,$189.52,2024-01-22 22:00:00,WeChat Pay,Shanghai,WELCOME20
ORD10527,CUST151,Grace,P1001,Electronics,2,$390.48,2024-01-22 23:00:00,PayPal,,WELCOME20
ORD10528,CUST115,,P1002,Home,1,298.07,2024-01-23 00:00:00,WeChat Pay,Mumbai,SUMMER50
ORD10529,CUST158,,INVALID,Clothing,7,$155.90,2024-01-23 01:00:00,WeChat Pay,LOS ANGELES,WELCOME20
ORD10530,CUST166,nan,P1005,Books,3,$370.11,2024-01-23 02:00:00,card ,Beijing,
ORD10531,CUST17,Charlie,P1004,Clothing,1,$370.43,2024-01-23 03:00:00, credit card ,Mumbai,
ORD10532,CUST23,,P1005,Clothing,8,$39.06,2024-01-23 04:00:00,WeChat Pay,Mumbai,WELCOME20
ORD10533,CUST119,nan,P1004,Electronics,14,$276.48,2024-01-23 05:00:00,card ,  London  ,
ORD10534,CUST59,Grace,P1006,Electronics,9,$103.75,2024-01-23 06:00:00,Credit Card,los angeles,
ORD10535,CUST100,nan,P1006,Electronics,5,$386.17,2024-01-23 07:00:00,CASH,New York,
ORD10536,CUST172,,INVALID,Books,4,$330.54,2024-01-23 08:00:00,Credit Card,Mumbai,
ORD10537,CUST65,Frank,INVALID,Electronics,3,$110.52,2024-01-23 09:00:00,PayPal,Mumbai,
ORD10538,CUST117,nan,P1001,Electronics,13,$296.92,2024-01-23 10:00:00,Alipay,Shanghai,
ORD10539,CUST52,,P1001,Clothing,16,$382.32,2024-01-23 11:00:00,Credit Card,nan,
ORD10540,CUST162,Alice,P1004,Electronics,4,$362.84,2024-01-23 12:00:00,card ,Beijing,WELCOME20
ORD10541,CUST134,Alice,P1002,Clothing,13,$149.07,2024-01-23 13:00:00,WeChat Pay,  London  ,
ORD10542,CUST172,,P1005,Clothing,19,$319.93,2024-01-23 14:00:00,CASH,Beijing,
ORD10543,CUST26, Henry ,P1001,Home,12,$484.09,2024-01-23 15:00:00,WeChat Pay,,WELCOME20
ORD10544,CUST67, Henry ,P1002,Home,10,$227.08,2024-01-23 16:00:00,CASH,Beijing,
ORD10545,CUST112,,P1005,Clothing,11,$190.91,2024-01-23 17:00:00,Alipay,Beijing,WELCOME20
ORD10546,CUST5,nan,P1003,Clothing,2,$364.64,2024-01-23 18:00:00,CASH,Mumbai,WELCOME20
ORD10547,CUST117,,P1005,Electronics,10,$287.26,2024-01-23 19:00:00,card ,los angeles,SUMMER50
ORD10548,CUST127,Diana,P1003,Electronics,1,$259.37,2024-01-23 20:00:00,CASH,,SUMMER50
ORD10549,CUST32,Frank,P1001,Books,3,$329.96,2024-01-23 21:00:00,Credit Card,New York,
ORD10550,CUST32, Henry ,P1006,Electronics,11,$412.50,2024-01-23 22:00:00,PayPal,Mumbai,SUMMER50
ORD10551,CUST168,Charlie,INVALID,Clothing,13,$12.68,2024-01-23 23:00:00,Credit Card,New York,
ORD10552,CUST34,,P1006,Home,15,$315.71,2024-01-24 00:00:00,Credit Card,New York,
ORD10553,CUST192, Henry ,P1003,Clothing,7,$341.67,2024-01-24 01:00:00,WeChat Pay,New York,SAVE10
ORD10554,CUST186,Alice,P1003,Electronics,3,$406.04,2024-01-24 02:00:00,Credit Card,  London  ,
ORD10555,CUST140, Henry ,INVALID,Books,12,$63.21,2024-01-24 03:00:00,Alipay,,SUMMER50
ORD10556,CUST174,nan,P1002,Clothing,3,369.67,2024-01-24 04:00:00,WeChat Pay,Beijing,
ORD10557,CUST122,nan,P1001,Clothing,8,$328.82,2024-01-24 05:00:00,PayPal,,
ORD10558,CUST176,nan,P1002,Electronics,15,$179.31,2024-01-24 06:00:00,Credit Card,TOKYO,
ORD10559,CUST51,Charlie,P1004,Home,12,$28.31,2024-01-24 07:00:00,card ,,
ORD10560,CUST20,,INVALID,Electronics,15,$301.55,2024-01-24 08:00:00,card ,New York,
ORD10561,CUST25,Bob,P1005,Clothing,17,$431.27,2024-01-24 09:00:00,WeChat Pay,New York,SAVE10
ORD10562,CUST159,Grace,P1006,Books,9,$411.00,2024-01-24 10:00:00,Alipay,,
ORD10563,CUST125,Eve,P1005,Books,5,$397.34,2024-01-24 11:00:00,WeChat Pay,los angeles,SAVE10
ORD10564,CUST192,nan,P1002,Unknown,7,$375.09,2024-01-24 12:00:00,card ,los angeles,
ORD10565,CUST90,Bob,P1004,Books,3,$107.48,2024-01-24 13:00:00,PayPal,  London  ,
ORD10566,CUST10,Alice,INVALID,Clothing,6,$128.77,2024-01-24 14:00:00,CASH,Mumbai,SUMMER50
ORD10567,CUST57,Diana,P1002,Electronics,3,$69.91,2024-01-24 15:00:00,PayPal,  London  ,
ORD10568,CUST64,Grace,P1005,Books,5,165.25,2024-01-24 16:00:00,card ,  London  ,
ORD10569,CUST189,nan,P1004,Home,11,$137.17,2024-01-24 17:00:00,PayPal,New York,SUMMER50
ORD10570,CUST96,nan,P1006,Books,2,$370.05,2024-01-24 18:00:00,WeChat Pay,nan,
ORD10571,CUST59,Bob,P1006,Clothing,19,$89.42,2024-01-24 19:00:00,CASH,  London  ,SUMMER50
ORD10572,CUST183,Bob,P1004,Home,2,$238.81,2024-01-24 20:00:00,PayPal,Mumbai,SAVE10
ORD10573,CUST51,,P1001,Clothing,1,$260.45,2024-01-24 21:00:00,PayPal,  London  ,WELCOME20
ORD10574,CUST147,Charlie,P1003,Home,14,$208.95,2024-01-24 22:00:00,Credit Card,nan,
ORD10575,CUST191,nan,P1006,Clothing,12,$240.36,2024-01-24 23:00:00,CASH,Beijing,
ORD10576,CUST29,Alice,P1004,Books,6,$376.41,2024-01-25 00:00:00,card ,Shanghai,
ORD10577,CUST124,nan,P1006,Home,8,$422.83,2024-01-25 01:00:00,Credit Card,nan,SUMMER50
ORD10578,CUST178,nan,P1005,Electronics,17,$372.33,2024-01-25 02:00:00,Credit Card,nan,
ORD10579,CUST97,Eve,P1004,Clothing,15,$145.50,2024-01-25 03:00:00,Alipay,los angeles,WELCOME20
ORD10580,CUST15,nan,P1005,Home,1,$268.69,2024-01-25 04:00:00,WeChat Pay,Beijing,
ORD10581,CUST113,Bob,INVALID,Books,3,$446.46,2024-01-25 05:00:00,card ,,WELCOME20
ORD10582,CUST75,Frank,P1001,Electronics,13,$382.44,2024-01-25 06:00:00,WeChat Pay,,
ORD10583,CUST160,Charlie,P1002,Clothing,1,$20.27,2024-01-25 07:00:00,Alipay,Beijing,
ORD10584,CUST2, Henry ,P1002,Home,13,$220.28,2024-01-25 08:00:00,PayPal,TOKYO,
ORD10585,CUST109,,INVALID,Books,15,105.12,2024-01-25 09:00:00,PayPal,  London  ,
ORD10586,CUST177,nan,INVALID,Clothing,7,$235.92,2024-01-25 10:00:00,card ,los angeles,
ORD10587,CUST106,nan,P1004,Books,11,$385.99,2024-01-25 11:00:00,Alipay,Mumbai,
ORD10588,CUST88,Diana,P1004,Electronics,7,$200.93,2024-01-25 12:00:00,CASH,TOKYO,SUMMER50
ORD10589,CUST119,Eve,P1004,Electronics,10,$385.04,2024-01-25 13:00:00,card ,Mumbai,SUMMER50
ORD10590,CUST33,Charlie,P1002,Electronics,9,$103.81,2024-01-25 14:00:00,Credit Card,los angeles,
ORD10591,CUST6,Eve,P1001,Clothing,17,367.62,2024-01-25 15:00:00,PayPal,Shanghai,
ORD10592,CUST12,Grace,P1002,Electronics,16,$64.92,2024-01-25 16:00:00,PayPal,TOKYO,
ORD10593,CUST87,nan,P1003,Books,18,$102.71,2024-01-25 17:00:00,PayPal,los angeles,
ORD10594,CUST39,Eve,P1006,Books,5,$436.09,2024-01-25 18:00:00,card ,  London  ,SAVE10
ORD10595,CUST133,Diana,P1005,Clothing,2,$13.10,2024-01-25 19:00:00, credit card ,,SAVE10
ORD10596,CUST107,Charlie,INVALID,Clothing,5,$282.83,2024-01-25 20:00:00,CASH,Shanghai,
ORD10597,CUST37,Bob,P1002,Clothing,13,$120.56,2024-01-25 21:00:00,Alipay,Shanghai,WELCOME20
ORD10598,CUST148,nan,P1001,Books,11,$473.62,2025-12-31 23:59:59,WeChat Pay,Beijing,SAVE10
ORD10599,CUST18, Henry ,P1006,Clothing,8,212.39,2024-01-25 23:00:00,CASH,TOKYO,SAVE10
ORD10600,CUST78,Bob,P1006,Electronics,3,$255.28,2024-01-26 00:00:00,CASH,los angeles,WELCOME20
ORD10601,CUST10,Eve,P1003,Clothing,7,$229.57,2024-01-26 01:00:00,CASH,nan,SUMMER50
ORD10602,CUST22,Alice,P1003,Home,16,$301.33,2024-01-26 02:00:00,card ,los angeles,
ORD10603,CUST164,,P1004,Home,1,$155.25,2024-01-26 03:00:00,Credit Card,,
ORD10604,CUST45,Eve,P1002,Clothing,11,$294.30,2024-01-26 04:00:00,card ,Mumbai,
ORD10605,CUST22,nan,P1001,Clothing,19,$260.52,2024-01-26 05:00:00,WeChat Pay,Beijing,
ORD10606,CUST129,Alice,P1004,Clothing,9,$119.88,2024-01-26 06:00:00,Alipay,Beijing,SUMMER50
ORD10607,CUST28,Diana,P1004,Home,15,$11.86,2024-01-26 07:00:00,WeChat Pay,Beijing,
ORD10608,CUST59, Henry ,P1002,Electronics,17,$378.29,2024-01-26 08:00:00,card ,,
ORD10609,CUST58,Diana,INVALID,Clothing,13,$416.51,2024-01-26 09:00:00,Alipay,New York,
ORD10610,CUST47,,P1005,Clothing,15,$434.99,2024-01-26 10:00:00,Alipay,  London  ,WELCOME20
ORD10611,CUST146,,P1002,Books,10,$165.53,2024-01-26 11:00:00,Credit Card,,
ORD10612,CUST44,Alice,P1002,Electronics,6,$202.51,2024-01-26 12:00:00, credit card ,Beijing,
ORD10613,CUST190,Charlie,P1004,Clothing,5,$492.06,2024-01-26 13:00:00,Alipay,Beijing,
ORD10614,CUST82,Bob,P1004,Electronics,19,$292.54,2024-01-26 14:00:00,CASH,,SUMMER50
ORD10615,CUST67,,P1004,Electronics,10,$80.02,2024-01-26 15:00:00,Alipay,Beijing,SAVE10
ORD10616,CUST161,Bob,P1003,Home,9,$173.70,2024-01-26 16:00:00,PayPal,los angeles,WELCOME20
ORD10617,CUST87,Charlie,INVALID,Home,8,$159.89,2024-01-26 17:00:00,PayPal,Shanghai,
ORD10618,CUST150,,P1004,Electronics,4,$381.28,2024-01-26 18:00:00,WeChat Pay,,WELCOME20
ORD10619,CUST123,nan,P1001,Home,2,$359.47,2024-01-26 19:00:00,PayPal,New York,
ORD10620,CUST148, Henry ,P1002,Home,17,$266.39,2024-01-26 20:00:00,CASH,,
ORD10621,CUST137,nan,INVALID,Electronics,4,352.12,2024-01-26 21:00:00,WeChat Pay,,SUMMER50
ORD10622,CUST189,Grace,P1002,Books,1,$371.86,2024-01-26 22:00:00,PayPal,Shanghai,
ORD10623,CUST197,,P1005,Books,8,$338.13,2024-01-26 23:00:00,WeChat Pay,nan,
ORD10624,CUST176,,P1004,Clothing,14,200.78,2024-01-27 00:00:00,CASH,Mumbai,
ORD10625,CUST177,Eve,P1002,Home,8,$426.33,2024-01-27 01:00:00,PayPal,TOKYO,
ORD10626,CUST29,nan,P1003,Clothing,15,$431.99,2024-01-27 02:00:00,PayPal,TOKYO,SAVE10
ORD10627,CUST32,,INVALID,Home,11,$191.17,2024-01-27 03:00:00,Alipay,Beijing,
ORD10628,CUST160, Henry ,P1003,Home,17,86.69,2024-01-27 04:00:00,Credit Card,New York,
ORD10629,CUST42,nan,P1005,Electronics,6,$116.14,2024-01-27 05:00:00,CASH,,
ORD10630,CUST168,,P1006,Books,7,$222.94,2024-01-27 06:00:00,CASH,Beijing,
ORD10631,CUST122,nan,P1003,Home,9,$305.70,2024-01-27 07:00:00,Credit Card,Shanghai,SAVE10
ORD10632,CUST142,Grace,P1001,Clothing,1,$197.10,2024-01-27 08:00:00,WeChat Pay,Mumbai,
ORD10633,CUST99,nan,P1005,Home,14,$466.17,2024-01-27 09:00:00,card ,nan,
ORD10634,CUST50,nan,INVALID,Electronics,7,314.56,2024-01-27 10:00:00,WeChat Pay,Shanghai,WELCOME20
ORD10635,CUST190,,INVALID,Home,5,$353.15,2024-01-27 11:00:00,card ,New York,SUMMER50
ORD10636,CUST4,nan,P1001,Books,15,$291.43,2024-01-27 12:00:00,WeChat Pay,,SUMMER50
ORD10637,CUST82,nan,P1001,Clothing,19,$196.43,2024-01-27 13:00:00,card ,Mumbai,SAVE10
ORD10638,CUST49,Bob,P1003,Books,9,$407.83,2024-01-27 14:00:00,card ,nan,SAVE10
ORD10639,CUST43,,INVALID,Clothing,9,$467.98,2024-01-27 15:00:00,CASH,los angeles,
ORD10640,CUST16,Charlie,P1003,Books,15,$315.75,2024-01-27 16:00:00,WeChat Pay,Mumbai,
ORD10641,CUST136,,P1003,Electronics,16,$237.08,2024-01-27 17:00:00,Alipay,los angeles,
ORD10642,CUST39,Charlie,P1001,Home,4,$225.61,2024-01-27 18:00:00,CASH,Mumbai,SUMMER50
ORD10643,CUST86,Frank,P1002,Books,7,$268.61,2024-01-27 19:00:00,PayPal,,WELCOME20
ORD10644,CUST117,Bob,P1002,Clothing,3,$379.30,2024-01-27 20:00:00,WeChat Pay,,
ORD10645,CUST47,Grace,P1005,Home,7,$110.32,2024-01-27 21:00:00,Alipay,TOKYO,
ORD10646,CUST146,nan,P1004,Clothing,15,$21.13,2024-01-27 22:00:00,Credit Card,New York,WELCOME20
ORD10647,CUST59,Grace,P1005,Home,4,$122.61,2024-01-27 23:00:00,Alipay,,
ORD10648,CUST189,,P1003,Books,4,93.97,2024-01-28 00:00:00,card ,,
ORD10649,CUST197,Charlie,INVALID,Books,17,$56.22,2024-01-28 01:00:00,Alipay,Mumbai,WELCOME20
ORD10650,CUST192,Bob,P1004,Books,3,$252.44,2024-01-28 02:00:00,WeChat Pay,  LONDON  ,
ORD10651,CUST170,Frank,P1001,Clothing,15,$188.48,2024-01-28 03:00:00,Alipay,TOKYO,WELCOME20
ORD10652,CUST47,Frank,P1004,Electronics,17,$70.81,2024-01-28 04:00:00,Credit Card,,
ORD10653,CUST31,Charlie,P1004,Home,14,$23.55,2024-01-28 05:00:00,PayPal,Mumbai,
ORD10654,CUST138,Diana,P1001,Home,8,$226.12,2024-01-28 06:00:00,WeChat Pay,New York,
ORD10655,CUST180,Alice,P1005,Home,14,$12.95,2024-01-28 07:00:00,PayPal,,WELCOME20
ORD10656,CUST122,Grace,P1001,Home,13,$63.04,2024-01-28 08:00:00,WeChat Pay,New York,
ORD10657,CUST74,nan,P1001,Electronics,19,118.58,2024-01-28 09:00:00,PayPal,los angeles,
ORD10658,CUST196,nan,P1005,Electronics,4,$39.78,2024-01-28 10:00:00,Credit Card,TOKYO,WELCOME20
ORD10659,CUST62,Alice,P1001,Home,1,$284.08,2024-01-28 11:00:00,CASH,  London  ,
ORD10660,CUST179,Diana,P1003,Unknown,6,$445.84,2024-01-28 12:00:00,PayPal,,
ORD10661,CUST95,Frank,P1005,Electronics,6,$191.02,2024-01-28 13:00:00,CASH,  London  ,SAVE10
ORD10662,CUST72,Charlie,P1006,Unknown,15,194.51,2024-01-28 14:00:00,card ,,
ORD10663,CUST102,,P1002,Unknown,15,$11.96,2024-01-28 15:00:00,Alipay,  London  ,
ORD10664,CUST55,Bob,P1004,Electronics,8,18.26,2024-01-28 16:00:00,Credit Card,los angeles,
ORD10665,CUST123,Charlie,P1002,Clothing,18,$229.64,2024-01-28 17:00:00,WeChat Pay,los angeles,SUMMER50
ORD10666,CUST93,Diana,P1005,Unknown,14,$150.36,2024-01-28 18:00:00,Alipay,,
ORD10667,CUST159,Diana,P1003,Books,9,$393.27,2024-01-28 19:00:00,card ,,WELCOME20
ORD10668,CUST145,,P1001,Home,5,$174.26,2024-01-28 20:00:00,WeChat Pay,  London  ,SAVE10
ORD10669,CUST200, Henry ,P1005,Home,16,$223.52,2024-01-28 21:00:00,card ,Beijing,SUMMER50
ORD10670,CUST142,Charlie,P9999,Home,12,$482.48,2024-01-28 22:00:00,Alipay,,
ORD10671,CUST17,Alice,P1002,Home,7,$178.55,2024-01-28 23:00:00,Credit Card,LOS ANGELES,WELCOME20
ORD10672,CUST73,Charlie,INVALID,Home,17,$319.67,2024-01-29 00:00:00,card ,New York,
ORD10673,CUST111,nan,INVALID,Unknown,19,$371.01,2024-01-29 01:00:00,CASH,Beijing,SAVE10
ORD10674,CUST145,Alice,P1003,Home,4,$277.82,2024-01-29 02:00:00,card ,TOKYO,SUMMER50
ORD10675,CUST73,Alice,P1003,Clothing,2,$113.08,2024-01-29 03:00:00,PayPal,Mumbai,
ORD10676,CUST105,Grace,INVALID,Electronics,10,$331.82,2024-01-29 04:00:00,card ,  London  ,
ORD10677,CUST93, Henry ,P1003,Home,4,$495.21,2024-01-29 05:00:00,CASH,los angeles,WELCOME20
ORD10678,CUST22,,INVALID,Clothing,16,410.04,2024-01-29 06:00:00,card ,New York,
ORD10679,CUST192,,P1006,Clothing,4,$444.73,2024-01-29 07:00:00,card ,Mumbai,SUMMER50
ORD10680,CUST193,Grace,P1002,Books,12,$39.79,2024-01-29 08:00:00,CASH,New York,WELCOME20
ORD10681,CUST31,nan,P1002,Home,13,$226.51,2024-01-29 09:00:00,card ,,WELCOME20
ORD10682,CUST128, Henry ,P1006,Clothing,3,343.57,2024-01-29 10:00:00,PayPal,Mumbai,
ORD10683,CUST3,nan,P1002,Electronics,13,$14.90,2024-01-29 11:00:00,Credit Card,TOKYO,
ORD10684,CUST63,Bob,P1004,Electronics,19,429.2,2024-01-29 12:00:00,Alipay,Beijing,SUMMER50
ORD10685,CUST5,nan,P1005,Home,7,$146.72,2024-01-29 13:00:00,CASH,Beijing,
ORD10686,CUST90,Diana,INVALID,Books,2,$41.90,2024-01-29 14:00:00,card ,New York,SAVE10
ORD10687,CUST69,nan,INVALID,Electronics,1,$452.37,2024-01-29 15:00:00,Alipay,New York,
ORD10688,CUST61,Grace,P1005,Home,3,$479.92,2024-01-29 16:00:00,Alipay,Beijing,SUMMER50
ORD10689,CUST119,,P1003,Books,16,307.16,2024-01-29 17:00:00,Credit Card,New York,
ORD10690,CUST135,Charlie,P1006,Clothing,7,$478.38,2024-01-29 18:00:00,PayPal,Mumbai,
ORD10691,CUST151,nan,P1006,Books,13,$47.71,2024-01-29 19:00:00,Alipay,New York,SUMMER50
ORD10692,CUST77,Bob,P1003,Home,19,$211.67,2024-01-29 20:00:00,Credit Card,New York,
ORD10693,CUST25,Grace,P1006,Home,15,$229.92,2024-01-29 21:00:00,Credit Card,Shanghai,
ORD10694,CUST139,Alice,P1002,Home,15,$125.04,2024-01-29 22:00:00, credit card ,los angeles,
ORD10695,CUST40,Charlie,P1002,Electronics,5,$273.02,2024-01-29 23:00:00,PayPal,nan,
ORD10696,CUST149,,P1003,Electronics,2,$412.66,2024-01-30 00:00:00,CASH,los angeles,
ORD10697,CUST75,Frank,P1006,Home,9,$213.91,2024-01-30 01:00:00,card ,Beijing,WELCOME20
ORD10698,CUST41,,P1002,Clothing,6,$115.00,2024-01-30 02:00:00,Credit Card,nan,SUMMER50
ORD10699,CUST64,Alice,INVALID,Clothing,5,$329.44,2024-01-30 03:00:00,CASH,nan,
ORD10700,CUST34,nan,P1001,Books,7,$392.08,2024-01-30 04:00:00,Credit Card,los angeles,
ORD10701,CUST195,nan,P1004,Clothing,6,$125.84,2024-01-30 05:00:00,PayPal,nan,
ORD10702,CUST1,Grace,P1004,Clothing,8,$448.29,2024-01-30 06:00:00,WeChat Pay,los angeles,
ORD10703,CUST11,nan,P1002,Electronics,10,$78.44,2024-01-30 07:00:00,card ,Mumbai,
ORD10704,CUST100,nan,P1006,Home,4,$439.13,2024-01-30 08:00:00,card ,,
ORD10705,CUST197,Grace,P1002,Home,15,$419.50,2024-01-30 09:00:00,PayPal,New York,WELCOME20
ORD10706,CUST182,Alice,P1006,Clothing,10,$498.20,2024-01-30 10:00:00,Alipay,,SUMMER50
ORD10707,CUST185, Henry ,P1001,Books,12,$338.57,2024-01-30 11:00:00,PayPal,Shanghai,
ORD10708,CUST66,Frank,P1004,Electronics,1,$112.77,2024-01-30 12:00:00,WeChat Pay,Shanghai,WELCOME20
ORD10709,CUST129,,P1006,Unknown,9,$26.59,2024-01-30 13:00:00,PayPal,los angeles,SAVE10
ORD10710,CUST61,,P1004,Electronics,8,$284.26,2024-01-30 14:00:00,PayPal,TOKYO,
ORD10711,CUST160,Grace,P1004,Home,18,$83.89,2024-01-30 15:00:00, credit card ,,
ORD10712,CUST134,Diana,P1001,Electronics,18,$491.90,2024-01-30 16:00:00,Credit Card,New York,
ORD10713,CUST63, Henry ,P1005,Home,10,$456.02,2024-01-30 17:00:00,Alipay,Shanghai,
ORD10714,CUST64,Charlie,INVALID,Clothing,7,$92.57,2024-01-30 18:00:00,Credit Card,nan,
ORD10715,CUST34, Henry ,P1002,Books,11,$213.55,2024-01-30 19:00:00,Alipay,,
ORD10716,CUST5,Diana,P1004,Electronics,2,$33.61,2024-01-30 20:00:00,CASH,nan,SAVE10
ORD10717,CUST161,Diana,P1006,Clothing,18,$76.19,2024-01-30 21:00:00,CASH,  London  ,WELCOME20
ORD10718,CUST63,Diana,P1005,Electronics,12,$150.68,2024-01-30 22:00:00,CASH,Beijing,
ORD10719,CUST38,nan,INVALID,Unknown,15,$266.73,2024-01-30 23:00:00,WeChat Pay,Mumbai,
ORD10720,CUST142,Eve,P1004,Books,11,$249.26,2024-01-31 00:00:00,CASH,LOS ANGELES,
ORD10721,CUST24,nan,INVALID,Electronics,2,$294.71,2024-01-31 01:00:00,PayPal,,
ORD10722,CUST100,nan,P1001,Clothing,19,$185.70,2024-01-31 02:00:00, credit card ,nan,SUMMER50
ORD10723,CUST44, Henry ,P1005,Clothing,14,$293.36,2024-01-31 03:00:00,WeChat Pay,nan,SUMMER50
ORD10724,CUST19,Grace,P1002,Electronics,7,$391.40,2024-01-31 04:00:00,card ,,
ORD10725,CUST76,Eve,P1001,Books,14,$495.46,2024-01-31 05:00:00, credit card ,los angeles,
ORD10726,CUST184,nan,INVALID,Books,16,141.43,2024-01-31 06:00:00,PayPal,,
ORD10727,CUST16,Alice,P1001,Electronics,11,200.57,2024-01-31 07:00:00,Credit Card,Beijing,SUMMER50
ORD10728,CUST9,Charlie,P1006,Books,12,$427.05,2024-01-31 08:00:00,CASH,Mumbai,SUMMER50
ORD10729,CUST36,Grace,P1006,Books,12,$138.62,2024-01-31 09:00:00,Alipay,  London  ,
ORD10730,CUST33,nan,P1004,Electronics,4,$194.65,2024-01-31 10:00:00,Credit Card,TOKYO,SUMMER50
ORD10731,CUST189,Grace,P1006,Home,2,$101.66,2024-01-31 11:00:00,PayPal,Beijing,
ORD10732,CUST69,,P1001,Electronics,3,$119.14,2024-01-31 12:00:00,Alipay,los angeles,
ORD10733,CUST121, Henry ,P1002,Electronics,-5,$200.60,2024-01-31 13:00:00,PayPal,  London  ,SAVE10
ORD10734,CUST17,Eve,P1004,Books,2,488.53,2024-01-31 14:00:00,WeChat Pay,los angeles,
ORD10735,CUST187, Henry ,INVALID,Books,18,$295.86,2024-01-31 15:00:00,card ,Mumbai,
ORD10736,CUST93,,P1003,Books,13,$381.80,2024-01-31 16:00:00,Alipay,Shanghai,
ORD10737,CUST63,Eve,P1003,Electronics,4,$159.15,2024-01-31 17:00:00,Credit Card,nan,
ORD10738,CUST192,Diana,P1001,Books,4,$246.39,2024-01-31 18:00:00,CASH,Mumbai,
ORD10739,CUST94,,P1001,Electronics,11,$82.58,2024-01-31 19:00:00,card ,  London  ,
ORD10740,CUST116,Diana,P1003,Clothing,13,$51.95,2024-01-31 20:00:00,CASH,  London  ,WELCOME20
ORD10741,CUST101,Bob,P1002,Clothing,17,$371.44,2024-01-31 21:00:00,CASH,  London  ,WELCOME20
ORD10742,CUST193,Frank,P1002,Electronics,4,$469.41,2024-01-31 22:00:00,WeChat Pay,  London  ,
ORD10743,CUST3,Bob,P1002,Electronics,12,$181.91,2024-01-31 23:00:00,PayPal,New York,
ORD10744,CUST174,nan,INVALID,Clothing,10,$210.03,2024-02-01 00:00:00,Alipay,New York,
ORD10745,CUST54,,INVALID,Clothing,13,$365.90,2024-02-01 01:00:00,Credit Card,New York,WELCOME20
ORD10746,CUST75,nan,P1005,Clothing,14,$170.11,2024-02-01 02:00:00,CASH,los angeles,
ORD10747,CUST100,,P1002,Electronics,7,$127.02,2024-02-01 03:00:00,WeChat Pay,Beijing,SUMMER50
ORD10748,CUST159,Grace,P1003,Home,13,$56.40,2024-02-01 04:00:00,Credit Card,nan,WELCOME20
ORD10749,CUST1,Charlie,P1002,Books,5,$252.74,2024-02-01 05:00:00,Credit Card,NAN,
ORD10750,CUST140,Bob,P1004,Home,3,$187.36,2024-02-01 06:00:00,Credit Card,TOKYO,WELCOME20
ORD10751,CUST100,,P1003,Books,3,$360.14,2024-02-01 07:00:00,CASH,  London  ,
ORD10752,CUST115,Frank,P1001,Home,8,$351.34,2024-02-01 08:00:00,PayPal,,SUMMER50
ORD10753,CUST74,Bob,P1003,Clothing,4,477.91,2024-02-01 09:00:00,Alipay,nan,
ORD10754,CUST58, Henry ,INVALID,Home,19,$123.20,2024-02-01 10:00:00,card ,Shanghai,SUMMER50
ORD10755,CUST85,nan,P1001,Clothing,15,$305.59,2024-02-01 11:00:00,PayPal,TOKYO,
ORD10756,CUST113,Frank,P1002,Clothing,9,$456.07,2024-02-01 12:00:00,card ,Shanghai,SAVE10
ORD10757,CUST69,Eve,P1006,Books,4,138.5,2024-02-01 13:00:00,CASH,Shanghai,
ORD10758,CUST197,nan,P1005,Clothing,5,$253.45,2024-02-01 14:00:00,card ,Beijing,
ORD10759,CUST82,nan,INVALID,Home,14,$368.21,2024-02-01 15:00:00,card ,los angeles,
ORD10760,CUST94,,P1006,Unknown,8,$281.30,2024-02-01 16:00:00,WeChat Pay,  London  ,
ORD10761,CUST30,nan,INVALID,Electronics,18,$408.07,2024-02-01 17:00:00,PayPal,TOKYO,SUMMER50
ORD10762,CUST85,nan,P1006,Home,9,$434.24,2024-02-01 18:00:00,Alipay,  London  ,
ORD10763,CUST99,Charlie,INVALID,Electronics,7,$436.44,2024-02-01 19:00:00,WeChat Pay,  London  ,
ORD10764,CUST148,Bob,P1001,Home,12,$212.31,2024-02-01 20:00:00,WeChat Pay,nan,
ORD10765,CUST124,,INVALID,Clothing,11,$487.19,2024-02-01 21:00:00,WeChat Pay,Shanghai,SUMMER50
ORD10766,CUST1,nan,P1002,Books,19,$286.36,2024-02-01 22:00:00,card ,TOKYO,SUMMER50
ORD10767,CUST117,Alice,P1002,Clothing,9,$112.81,2024-02-01 23:00:00,card ,  London  ,
ORD10768,CUST167,Bob,P1006,Home,8,$307.16,2024-02-02 00:00:00,card ,Beijing,
ORD10769,CUST112,Alice,P1003,Clothing,15,$130.04,2024-02-02 01:00:00,Credit Card,los angeles,
ORD10770,CUST179,,P1003,Electronics,4,$404.01,2024-02-02 02:00:00,CASH,Shanghai,WELCOME20
ORD10771,CUST154,,P1001,Home,1,$24.94,2024-02-02 03:00:00,WeChat Pay,  London  ,
ORD10772,CUST135,nan,P1003,Clothing,3,$472.47,2024-02-02 04:00:00,WeChat Pay,  London  ,
ORD10773,CUST131,Bob,INVALID,Home,2,$217.79,2024-02-02 05:00:00,Credit Card,los angeles,SUMMER50
ORD10774,CUST13,Diana,P1002,Electronics,3,$133.98,2024-02-02 06:00:00,CASH,TOKYO,SUMMER50
ORD10775,CUST106,nan,P1004,Books,14,$80.26,2024-02-02 07:00:00,CASH,Shanghai,SAVE10
ORD10776,CUST101,Eve,P1002,Home,9,$265.87,2024-02-02 08:00:00,CASH,nan,
ORD10777,CUST185,,INVALID,Electronics,2,$245.26,2024-02-02 09:00:00,CASH,New York,WELCOME20
ORD10778,CUST134,Eve,P1005,Books,8,$417.47,2024-02-02 10:00:00,WeChat Pay,,
ORD10779,CUST184,Eve,P1005,Home,13,$141.26,2024-02-02 11:00:00,Credit Card,,SUMMER50
ORD10780,CUST99,nan,P1001,Books,6,$193.62,2024-02-02 12:00:00,WeChat Pay,,
ORD10781,CUST160,nan,P1002,Electronics,9,$420.18,2024-02-02 13:00:00,CASH,Mumbai,
ORD10782,CUST181,Eve,INVALID,Clothing,17,$165.05,2024-02-02 14:00:00,Credit Card,Beijing,
ORD10783,CUST175,Alice,P1005,Clothing,12,$405.79,2024-02-02 15:00:00,CASH,Mumbai,
ORD10784,CUST21,nan,P1004,Clothing,19,$81.48,2024-02-02 16:00:00,WeChat Pay,TOKYO,WELCOME20
ORD10785,CUST75,nan,P1006,Clothing,17,$158.21,2024-02-02 17:00:00,card ,,
ORD10786,CUST69,nan,P1005,Home,3,$15.93,2024-02-02 18:00:00,CASH,Shanghai,
ORD10787,CUST86,Eve,P1006,Electronics,10,$412.30,2024-02-02 19:00:00,card ,Beijing,
ORD10788,CUST167,Alice,P1006,Books,4,$10.93,2024-02-02 20:00:00,card ,Beijing,WELCOME20
ORD10789,CUST148,nan,P1005,Electronics,16,$147.18,2024-02-02 21:00:00,CASH,New York,
ORD10790,CUST41,Diana,P1002,Clothing,5,$224.70,2024-02-02 22:00:00,Alipay,,
ORD10791,CUST124, Henry ,P1004,Home,15,$144.80,2024-02-02 23:00:00,PayPal,nan,
ORD10792,CUST28,,P1006,Clothing,8,$93.15,2024-02-03 00:00:00,Credit Card,,WELCOME20
ORD10793,CUST23,nan,INVALID,Home,5,$10000.00,2024-02-03 01:00:00, credit card ,,
ORD10794,CUST29, Henry ,P1006,Electronics,14,$283.70,2024-02-03 02:00:00,PayPal,  London  ,
ORD10795,CUST103,Eve,INVALID,Clothing,10,$96.16,2024-02-03 03:00:00,Credit Card,nan,
ORD10796,CUST145, Henry ,P1003,Electronics,16,$324.17,2024-02-03 04:00:00,Alipay,Mumbai,
ORD10797,CUST74,Diana,INVALID,Clothing,15,$237.23,2024-02-03 05:00:00,Credit Card,,SAVE10
ORD10798,CUST115,nan,P1003,Electronics,9,$212.31,2024-02-03 06:00:00,CASH,Shanghai,
ORD10799,CUST156,Alice,P1001,Home,12,$444.59,2024-02-03 07:00:00,Credit Card,Mumbai,SUMMER50
ORD10800,CUST124,nan,P1006,Books,9,$441.06,2024-02-03 08:00:00,Alipay,los angeles,
ORD10801,CUST32,Frank,P1005,Books,6,$339.64,2024-02-03 09:00:00,Alipay,Beijing,
ORD10802,CUST53,,P1004,Unknown,15,$237.97,2024-02-03 10:00:00,card ,TOKYO,
ORD10803,CUST60,nan,P1001,Books,1,$175.25,2024-02-03 11:00:00,Credit Card,,
ORD10804,CUST69,Charlie,P1002,Electronics,17,$133.96,2024-02-03 12:00:00,Credit Card,TOKYO,SAVE10
ORD10805,CUST171,nan,P1001,Clothing,6,$86.51,2024-02-03 13:00:00,CASH,Mumbai,SAVE10
ORD10806,CUST24,Frank,P1006,Clothing,5,119.38,2024-02-03 14:00:00,CASH,Mumbai,
ORD10807,CUST10,,INVALID,Books,1,$217.59,2024-02-03 15:00:00, credit card ,,WELCOME20
ORD10808,CUST153,Eve,P1004,Books,18,$379.96,2024-02-03 16:00:00,PayPal,  London  ,WELCOME20
ORD10809,CUST130,Diana,P1005,Electronics,18,$405.67,2024-02-03 17:00:00,CASH,,SAVE10
ORD10810,CUST13,nan,INVALID,Books,4,298.83,2024-02-03 18:00:00,WeChat Pay,  London  ,SAVE10
ORD10811,CUST116,Diana,P1005,Home,4,$23.32,2024-02-03 19:00:00,Alipay,New York,
ORD10812,CUST32,nan,INVALID,Home,9,$274.66,2024-02-03 20:00:00,CASH,  London  ,
ORD10813,CUST124,nan,P1004,Electronics,10,$206.46,2024-02-03 21:00:00,CASH,  London  ,SUMMER50
ORD10814,CUST115,nan,INVALID,Books,8,403.44,2024-02-03 22:00:00,WeChat Pay,,WELCOME20
ORD10815,CUST87,nan,P1003,Clothing,5,$124.49,2024-02-03 23:00:00,CASH,Beijing,
ORD10816,CUST163,Charlie,P1005,Books,2,$116.19,2024-02-04 00:00:00,WeChat Pay,los angeles,
ORD10817,CUST92,Bob,P1004,Electronics,15,412.07,2024-02-04 01:00:00,Alipay,los angeles,
ORD10818,CUST91, Henry ,P1001,Books,13,$279.03,2024-02-04 02:00:00,PayPal,los angeles,SAVE10
ORD10819,CUST108,Eve,P1001,Electronics,4,$218.83,2024-02-04 03:00:00,WeChat Pay,  London  ,SUMMER50
ORD10820,CUST100,Charlie,P1006,Books,1,$26.44,2024-02-04 04:00:00,Credit Card,Beijing,SAVE10
ORD10821,CUST84,nan,P1002,Electronics,5,$491.03,2024-02-04 05:00:00,Alipay,  London  ,
ORD10822,CUST5,Eve,P1005,Home,13,$40.63,2024-02-04 06:00:00,WeChat Pay,TOKYO,SUMMER50
ORD10823,CUST98,Charlie,P1005,Unknown,2,$185.72,2024-02-04 07:00:00,card ,TOKYO,SUMMER50
ORD10824,CUST37,,P1003,Books,8,427.64,2024-02-04 08:00:00,PayPal,  LONDON  ,
ORD10825,CUST129,Grace,P1003,Home,5,325.09,2024-02-04 09:00:00,Credit Card,Shanghai,SAVE10
ORD10826,CUST20,Charlie,P1004,Clothing,6,368.85,2024-02-04 10:00:00,WeChat Pay,  London  ,
ORD10827,CUST165,Grace,INVALID,Electronics,2,$250.99,2024-02-04 11:00:00,Credit Card,Shanghai,
ORD10828,CUST178,nan,P1001,Clothing,9,$468.39,2024-02-04 12:00:00,Alipay,,
ORD10829,CUST142,Alice,P1002,Electronics,10,$257.02,2024-02-04 13:00:00,Credit Card,Shanghai,
ORD10830,CUST51,Charlie,P1006,Books,8,$46.32,2024-02-04 14:00:00,PayPal,New York,
ORD10831,CUST65,,P1003,Books,11,$244.99,2024-02-04 15:00:00,Alipay,New York,
ORD10832,CUST161,Frank,INVALID,Home,7,$44.62,2024-02-04 16:00:00,WeChat Pay,Shanghai,SAVE10
ORD10833,CUST189,,P1005,Books,-5,$403.15,2024-02-04 17:00:00,PayPal,TOKYO,SAVE10
ORD10834,CUST183,Charlie,P1005,Clothing,14,$222.31,2024-02-04 18:00:00,WeChat Pay,New York,
ORD10835,CUST68,Diana,P1002,Clothing,6,$403.74,2024-02-04 19:00:00,WeChat Pay,TOKYO,
ORD10836,CUST124,nan,P1005,Home,14,$30.65,2024-02-04 20:00:00,card ,TOKYO,
ORD10837,CUST5,Diana,P1004,Books,18,$331.62,2024-02-04 21:00:00,Credit Card,New York,
ORD10838,CUST90,Eve,P1001,Electronics,6,265.88,2024-02-04 22:00:00,Credit Card,los angeles,SAVE10
ORD10839,CUST141,Bob,P1005,Home,1,$373.40,2024-02-04 23:00:00,Credit Card,Shanghai,
ORD10840,CUST12,Bob,P1003,Electronics,1,64.45,2024-02-05 00:00:00,PayPal,Shanghai,
ORD10841,CUST193,,P1006,Electronics,18,$447.05,2024-02-05 01:00:00,WeChat Pay,los angeles,SUMMER50
ORD10842,CUST13,Charlie,P1006,Home,12,$108.03,2024-02-05 02:00:00,CASH,Beijing,
ORD10843,CUST62,Alice,P1004,Clothing,18,$312.65,2024-02-05 03:00:00,Alipay,Beijing,SUMMER50
ORD10844,CUST161, Henry ,P1001,Electronics,8,$243.64,2024-02-05 04:00:00,CASH,los angeles,
ORD10845,CUST125,Grace,P1003,Clothing,14,$136.74,2024-02-05 05:00:00,WeChat Pay,Mumbai,
ORD10846,CUST109,,INVALID,Clothing,1,213.93,2025-12-31 23:59:59,CASH,TOKYO,
ORD10847,CUST58,nan,P1003,Clothing,13,$354.01,2024-02-05 07:00:00,card ,New York,
ORD10848,CUST30,Diana,P1003,Electronics,8,$426.14,2024-02-05 08:00:00,CASH,Beijing,SAVE10
ORD10849,CUST3,nan,P1004,Clothing,17,$10000.00,2024-02-05 09:00:00,CASH,New York,
ORD10850,CUST168,Frank,P1003,Books,4,$495.93,2024-02-05 10:00:00,PayPal,New York,
ORD10851,CUST176,nan,P1004,Unknown,9,$235.38,2024-02-05 11:00:00,Credit Card,New York,SAVE10
ORD10852,CUST66,Alice,P1001,Books,18,$364.67,2024-02-05 12:00:00,CASH,New York,
ORD10853,CUST151,Grace,P1002,Electronics,11,$298.40,2024-02-05 13:00:00,Credit Card,,WELCOME20
ORD10854,CUST64,Frank,INVALID,Electronics,19,$302.63,2024-02-05 14:00:00,PayPal,,
ORD10855,CUST105,Eve,P1003,Unknown,10,$202.98,2024-02-05 15:00:00,card ,  London  ,SUMMER50
ORD10856,CUST144,Diana,P1003,Home,10,$56.31,2024-02-05 16:00:00,CASH,Beijing,WELCOME20
ORD10857,CUST8,nan,P1006,Books,1,$290.26,2024-02-05 17:00:00,PayPal,Mumbai,
ORD10858,CUST181,nan,P9999,Unknown,3,$250.84,2024-02-05 18:00:00,WeChat Pay,TOKYO,WELCOME20
ORD10859,CUST191,Diana,INVALID,Unknown,1,$224.28,2024-02-05 19:00:00,card ,Beijing,SUMMER50
ORD10860,CUST18,Grace,INVALID,Electronics,14,$409.49,2024-02-05 20:00:00,PayPal,Beijing,SUMMER50
ORD10861,CUST129,,P1002,Clothing,12,$10000.00,2024-02-05 21:00:00,CASH,Shanghai,SAVE10
ORD10862,CUST50,Eve,P1004,Home,3,$363.18,2024-02-05 22:00:00,card ,,
ORD10863,CUST60,Bob,INVALID,Clothing,17,$144.57,2024-02-05 23:00:00,card ,nan,
ORD10864,CUST10,nan,P1006,Clothing,9,$265.17,2024-02-06 00:00:00,Alipay,,
ORD10865,CUST49,Charlie,P1006,Clothing,9,$188.68,2024-02-06 01:00:00,CASH,Shanghai,SAVE10
ORD10866,CUST114,Alice,P1006,Home,6,$227.45,2024-02-06 02:00:00,PayPal,nan,
ORD10867,CUST167,Eve,P1003,Electronics,16,304.45,2024-02-06 03:00:00,Alipay,TOKYO,WELCOME20
ORD10868,CUST85, Henry ,P1001,Books,6,$162.48,2024-02-06 04:00:00,card ,los angeles,
ORD10869,CUST163,Eve,P1001,Clothing,14,$199.26,2024-02-06 05:00:00,card ,nan,SUMMER50
ORD10870,CUST127,Charlie,P1002,Electronics,15,$27.06,2024-02-06 06:00:00,Alipay,BEIJING,
ORD10871,CUST140,Charlie,INVALID,Clothing,8,$257.72,2024-02-06 07:00:00,PayPal,,
ORD10872,CUST148,nan,P1002,Clothing,6,$408.37,2024-02-06 08:00:00,CASH,los angeles,
ORD10873,CUST40,Diana,P1001,Electronics,19,$255.21,2024-02-06 09:00:00,Alipay,,SUMMER50
ORD10874,CUST191, Henry ,P1005,Home,12,$384.77,2024-02-06 10:00:00,PayPal,  London  ,
ORD10875,CUST138,,INVALID,Home,1,$94.70,2024-02-06 11:00:00,WeChat Pay,Mumbai,
ORD10876,CUST137,Diana,P1005,Clothing,12,$343.77,2024-02-06 12:00:00,card ,Mumbai,SUMMER50
ORD10877,CUST185,Bob,P1002,Clothing,11,$394.19,2024-02-06 13:00:00,Alipay,  London  ,SAVE10
ORD10878,CUST28, Henry ,P1004,Electronics,10,$159.51,2024-02-06 14:00:00,Credit Card,TOKYO,WELCOME20
ORD10879,CUST13,nan,P1003,Home,7,$446.30,2024-02-06 15:00:00,PayPal,Beijing,WELCOME20
ORD10880,CUST22,nan,INVALID,Electronics,2,$309.00,2024-02-06 16:00:00,PayPal,Mumbai,WELCOME20
ORD10881,CUST65,Diana,P1005,Books,12,$329.40,2024-02-06 17:00:00,WeChat Pay,,SAVE10
ORD10882,CUST144,Frank,P1004,Electronics,3,$333.02,2024-02-06 18:00:00,card ,,WELCOME20
ORD10883,CUST144,,P1004,Electronics,15,$406.68,2024-02-06 19:00:00,card ,Beijing,WELCOME20
ORD10884,CUST49,Bob,P1002,Electronics,1,$239.65,2024-02-06 20:00:00,WeChat Pay,,SUMMER50
ORD10885,CUST145,Diana,P1002,Home,7,$221.59,2024-02-06 21:00:00,CASH,Mumbai,
ORD10886,CUST136,nan,P1002,Books,14,$423.13,2024-02-06 22:00:00,CASH,Mumbai,
ORD10887,CUST58,Bob,P1005,Clothing,-5,$488.60,2024-02-06 23:00:00,Alipay,Shanghai,
ORD10888,CUST168,Diana,INVALID,Electronics,7,$85.78,2024-02-07 00:00:00,card ,nan,
ORD10889,CUST130, Henry ,P1001,Electronics,7,195.73,2024-02-07 01:00:00,CASH,  London  ,
ORD10890,CUST4,Frank,P1001,Books,9,$129.19,2024-02-07 02:00:00,Credit Card,Beijing,
ORD10891,CUST12,Eve,INVALID,Electronics,15,$300.64,2024-02-07 03:00:00,card ,New York,
ORD10892,CUST13,Diana,P1005,Books,6,$446.76,2024-02-07 04:00:00,WeChat Pay,Shanghai,
ORD10893,CUST111, Henry ,P1003,Electronics,2,$37.08,2024-02-07 05:00:00,PayPal,,
ORD10894,CUST98,Frank,P1001,Home,1,$393.38,2024-02-07 06:00:00,WeChat Pay,TOKYO,
ORD10895,CUST159,nan,P1005,Electronics,6,$367.97,2024-02-07 07:00:00,Credit Card,nan,SUMMER50
ORD10896,CUST128,nan,P1005,Electronics,13,$163.72,2024-02-07 08:00:00,CASH,Shanghai,SUMMER50
ORD10897,CUST132,Bob,P1005,Electronics,6,$162.02,2024-02-07 09:00:00,PayPal,Beijing,
ORD10898,CUST118,Alice,P1006,Home,16,$13.88,2024-02-07 10:00:00,Alipay,  London  ,WELCOME20
ORD10899,CUST100,Frank,P1003,Home,5,$281.75,2024-02-07 11:00:00,Alipay,New York,WELCOME20
ORD10900,CUST61,nan,INVALID,Unknown,2,$495.67,2024-02-07 12:00:00,card ,Mumbai,
ORD10901,CUST21,Bob,P1006,Clothing,3,$154.57,2024-02-07 13:00:00,WeChat Pay,  London  ,
ORD10902,CUST12,Frank,P1003,Clothing,2,$425.02,2024-02-07 14:00:00,card ,New York,SAVE10
ORD10903,CUST195,Bob,P1005,Electronics,12,$80.22,2024-02-07 15:00:00,card ,New York,
ORD10904,CUST53,,INVALID,Electronics,15,$86.86,2024-02-07 16:00:00,Credit Card,New York,
ORD10905,CUST159,nan,P1004,Electronics,9,$372.35,2024-02-07 17:00:00,Credit Card,Mumbai,
ORD10906,CUST115, Henry ,P1006,Electronics,3,$419.58,2024-02-07 18:00:00,CASH,  London  ,
ORD10907,CUST79,,P1001,Books,3,$293.48,2024-02-07 19:00:00,Credit Card,nan,SUMMER50
ORD10908,CUST98, Henry ,P1001,Home,19,$136.56,2024-02-07 20:00:00,Credit Card,,SAVE10
ORD10909,CUST100,Frank,P1004,Books,9,$137.65,2024-02-07 21:00:00,PayPal,Mumbai,
ORD10910,CUST68,Grace,P1002,Books,9,$396.99,2024-02-07 22:00:00,PayPal,Shanghai,
ORD10911,CUST176,,P1001,Clothing,15,$234.06,2024-02-07 23:00:00,card ,Mumbai,
ORD10912,CUST46,nan,P1006,Home,14,$356.55,2024-02-08 00:00:00,CASH,Mumbai,
ORD10913,CUST62,,P1004,Books,6,$81.44,2024-02-08 01:00:00,WeChat Pay,los angeles,
ORD10914,CUST39, Henry ,INVALID,Clothing,19,195.9,2024-02-08 02:00:00,PayPal,New York,SUMMER50
ORD10915,CUST99,,P1005,Books,10,$420.99,2024-02-08 03:00:00,Credit Card,  London  ,SUMMER50
ORD10916,CUST148,nan,P1006,Books,6,$151.58,2024-02-08 04:00:00,Alipay,los angeles,
ORD10917,CUST148,Diana,P1005,Unknown,8,$225.58,2024-02-08 05:00:00,PayPal,Shanghai,SAVE10
ORD10918,CUST16,nan,P1001,Home,17,$255.32,2024-02-08 06:00:00,CASH,Beijing,
ORD10919,CUST125,Eve,P1003,Books,19,$78.03,2024-02-08 07:00:00,WeChat Pay,New York,
ORD10920,CUST43,,P1001,Unknown,15,$218.25,2024-02-08 08:00:00,Credit Card,nan,SUMMER50
ORD10921,CUST188,nan,P1005,Electronics,1,$396.82,2024-02-08 09:00:00,WeChat Pay,nan,
ORD10922,CUST57,Charlie,P1001,Books,14,$341.67,2024-02-08 10:00:00,Credit Card,Mumbai,SAVE10
ORD10923,CUST103,Bob,INVALID,Unknown,19,$400.29,2024-02-08 11:00:00,CASH,Shanghai,
ORD10924,CUST109, Henry ,P1003,Clothing,1,$453.92,2024-02-08 12:00:00,card ,Beijing,
ORD10925,CUST161,nan,P1002,Books,19,$421.57,2024-02-08 13:00:00,Alipay,nan,
ORD10926,CUST168,Charlie,P1002,Home,10,$464.26,2024-02-08 14:00:00,Credit Card,New York,WELCOME20
ORD10927,CUST23, Henry ,P1001,Home,8,$489.99,2024-02-08 15:00:00,WeChat Pay,  London  ,
ORD10928,CUST39,Eve,INVALID,Home,5,$110.16,2024-02-08 16:00:00,CASH,Beijing,
ORD10929,CUST168,nan,P1002,Clothing,9,488.08,2024-02-08 17:00:00,card ,,
ORD10930,CUST98,Alice,INVALID,Clothing,1,$244.29,2024-02-08 18:00:00,PayPal,Mumbai,WELCOME20
ORD10931,CUST122,Alice,P1002,Home,18,274.73,2024-02-08 19:00:00,Alipay,los angeles,
ORD10932,CUST93,Eve,P1006,Clothing,5,$151.48,2024-02-08 20:00:00,PayPal,Mumbai,SUMMER50
ORD10933,CUST107,,P1001,Electronics,10,$388.59,2024-02-08 21:00:00,card ,Beijing,SUMMER50
ORD10934,CUST27, Henry ,P1003,Books,16,$181.03,2024-02-08 22:00:00,Credit Card,nan,WELCOME20
ORD10935,CUST71, Henry ,P1004,Electronics,6,$260.63,2024-02-08 23:00:00,card ,TOKYO,
ORD10936,CUST40,nan,P1002,Clothing,10,$465.14,2024-02-09 00:00:00,card ,Shanghai,
ORD10937,CUST29,Alice,P1003,Unknown,14,$20.39,2024-02-09 01:00:00,WeChat Pay,Shanghai,
ORD10938,CUST115, Henry ,P1002,Home,18,$434.70,2024-02-09 02:00:00,Credit Card,nan,
ORD10939,CUST27,Eve,P1004,Books,12,$388.07,2024-02-09 03:00:00,PayPal,  London  ,
ORD10940,CUST146,Alice,P1003,Electronics,8,$48.12,2024-02-09 04:00:00,card ,New York,
ORD10941,CUST51,Grace,P1004,Books,14,$377.01,2024-02-09 05:00:00,Credit Card,Shanghai,
ORD10942,CUST117,,INVALID,Clothing,16,$434.09,2024-02-09 06:00:00,WeChat Pay,Beijing,
ORD10943,CUST9,nan,P1003,Books,17,$78.27,2024-02-09 07:00:00,Credit Card,nan,SAVE10
ORD10944,CUST171,Eve,P1001,Home,14,$150.17,2024-02-09 08:00:00,CASH,los angeles,
ORD10945,CUST108, Henry ,P1006,Clothing,14,$199.51,2024-02-09 09:00:00,card ,nan,WELCOME20
ORD10946,CUST111,Frank,INVALID,Home,12,328.94,2024-02-09 10:00:00,Credit Card,nan,
ORD10947,CUST152,Bob,P1002,Electronics,15,233.18,2024-02-09 11:00:00,WeChat Pay,BEIJING,SUMMER50
ORD10948,CUST145,Diana,P1002,Electronics,14,$419.29,2024-02-09 12:00:00,Alipay,TOKYO,WELCOME20
ORD10949,CUST104,Grace,P1005,Home,17,$36.27,2024-02-09 13:00:00,WeChat Pay,  London  ,SUMMER50
ORD10950,CUST108,,P1006,Books,17,$346.19,2024-02-09 14:00:00,card ,Beijing,
ORD10951,CUST88, Henry ,P1005,Home,12,$391.85,2024-02-09 15:00:00,Alipay,  London  ,WELCOME20
ORD10952,CUST169,nan,INVALID,Clothing,19,130.15,2024-02-09 16:00:00,Credit Card,Mumbai,
ORD10953,CUST130,,INVALID,Electronics,2,$272.52,2024-02-09 17:00:00,WeChat Pay,Mumbai,WELCOME20
ORD10954,CUST67, Henry ,P1002,Clothing,5,$444.79,2024-02-09 18:00:00,WeChat Pay,Mumbai,
ORD10955,CUST156,nan,P1003,Books,6,$140.39,2024-02-09 19:00:00,WeChat Pay,Beijing,SUMMER50
ORD10956,CUST183,Alice,P1004,Electronics,6,$479.18,2024-02-09 20:00:00, credit card ,Mumbai,
ORD10957,CUST26,Alice,P1002,Electronics,15,$94.65,2024-02-09 21:00:00,Alipay,,
ORD10958,CUST92,Charlie,P1001,Clothing,9,$228.69,2024-02-09 22:00:00,PayPal,Shanghai,SUMMER50
ORD10959,CUST176,Eve,P1003,Electronics,9,$228.81,2024-02-09 23:00:00,WeChat Pay,New York,SAVE10
ORD10960,CUST87,Charlie,P1003,Electronics,6,$142.56,2024-02-10 00:00:00,CASH,New York,
ORD10961,CUST34,nan,P1006,Books,6,$274.49,2024-02-10 01:00:00,CASH,TOKYO,
ORD10962,CUST41,Frank,P1003,Clothing,1,$263.49,2024-02-10 02:00:00,card ,nan,SAVE10
ORD10963,CUST189,Eve,P1002,Clothing,9,$32.48,2024-02-10 03:00:00,Alipay,,
ORD10964,CUST82,Bob,P1005,Electronics,4,$188.61,2024-02-10 04:00:00,WeChat Pay,New York,
ORD10965,CUST27,nan,INVALID,Electronics,16,$250.86,2024-02-10 05:00:00,card ,TOKYO,WELCOME20
ORD10966,CUST148,Frank,P1005,Home,3,$197.54,2024-02-10 06:00:00,Credit Card,,WELCOME20
ORD10967,CUST127,,P1004,Electronics,4,$177.59,2024-02-10 07:00:00,Credit Card,New York,
ORD10968,CUST77,Charlie,P1003,Books,5,$360.58,2024-02-10 08:00:00,WeChat Pay,Beijing,
ORD10969,CUST53,,P1001,Books,11,$420.78,2024-02-10 09:00:00,CASH,Beijing,
ORD10970,CUST32,Grace,P1003,Books,11,$57.55,2024-02-10 10:00:00,card ,nan,SUMMER50
ORD10971,CUST52,Bob,INVALID,Clothing,16,$299.17,2024-02-10 11:00:00,PayPal,Shanghai,SUMMER50
ORD10972,CUST5,Diana,INVALID,Books,5,$175.32,2024-02-10 12:00:00,Credit Card,los angeles,SUMMER50
ORD10973,CUST191,,P1001,Home,6,$233.58,2024-02-10 13:00:00,WeChat Pay,los angeles,
ORD10974,CUST2,,P1006,Electronics,9,$79.18,2024-02-10 14:00:00, credit card ,New York,SUMMER50
ORD10975,CUST147,Eve,P1006,Books,18,$475.47,2024-02-10 15:00:00,WeChat Pay,Beijing,SUMMER50
ORD10976,CUST123,nan,P1005,Clothing,3,$45.14,2024-02-10 16:00:00,card ,New York,WELCOME20
ORD10977,CUST107,nan,P1005,Electronics,7,$418.93,2024-02-10 17:00:00,CASH,,SUMMER50
ORD10978,CUST38,nan,P1004,Clothing,18,$486.80,2024-02-10 18:00:00,CASH,nan,
ORD10979,CUST185,Eve,P1005,Electronics,9,$65.51,2024-02-10 19:00:00,PayPal,los angeles,SAVE10
ORD10980,CUST47,Bob,INVALID,Books,7,$324.44,2024-02-10 20:00:00,card ,Mumbai,SAVE10
ORD10981,CUST197,Grace,P1004,Clothing,10,$491.40,2024-02-10 21:00:00,WeChat Pay,Shanghai,SUMMER50
ORD10982,CUST109,Frank,P1001,Books,17,$158.32,2024-02-10 22:00:00,CASH,TOKYO,SAVE10
ORD10983,CUST39,nan,P1006,Home,4,$467.99,2024-02-10 23:00:00,Credit Card,  London  ,WELCOME20
ORD10984,CUST131, Henry ,P1003,Books,16,66.28,2024-02-11 00:00:00,WeChat Pay,New York,
ORD10985,CUST196,nan,P1002,Home,19,$116.04,2024-02-11 01:00:00,CASH,Shanghai,SAVE10
ORD10986,CUST78,nan,P1004,Unknown,1,$249.06,2024-02-11 02:00:00,PayPal,  London  ,
ORD10987,CUST117,nan,P1006,Electronics,15,$301.95,2024-02-11 03:00:00,CASH,los angeles,
ORD10988,CUST115,nan,P1004,Electronics,16,$207.14,2024-02-11 04:00:00,PayPal,NEW YORK,WELCOME20
ORD10989,CUST109,Diana,P1003,Electronics,10,$303.00,2024-02-11 05:00:00,CASH,TOKYO,
ORD10990,CUST54,,P1006,Clothing,6,$423.69,2024-02-11 06:00:00,Alipay,  London  ,WELCOME20
ORD10991,CUST164,,INVALID,Electronics,19,$37.64,2024-02-11 07:00:00,card ,Shanghai,WELCOME20
ORD10992,CUST84,Diana,INVALID,Electronics,19,$238.64,2024-02-11 08:00:00,card ,Mumbai,WELCOME20
ORD10993,CUST90,Bob,P1001,Home,2,$232.68,2024-02-11 09:00:00,PayPal,Mumbai,
ORD10994,CUST106,nan,P1001,Unknown,4,$492.96,2024-02-11 10:00:00,CASH,nan,SAVE10
ORD10995,CUST19,nan,P1005,Unknown,15,$56.25,2024-02-11 11:00:00,card ,TOKYO,SAVE10
ORD10996,CUST166,,P1006,Clothing,15,$45.44,2024-02-11 12:00:00,Alipay,  London  ,SAVE10
ORD10997,CUST182, Henry ,P1001,Home,4,$17.92,2024-02-11 13:00:00,card ,nan,WELCOME20
ORD10998,CUST4,Bob,P1005,Electronics,17,$269.88,2024-02-11 14:00:00,Credit Card,TOKYO,
ORD10999,CUST97,Eve,P1006,Electronics,14,$263.09,2024-02-11 15:00:00,WeChat Pay,nan,SUMMER50
ORD10666,CUST93,Diana,P1005,Unknown,14,$150.36,2024-01-28 18:00:00,Alipay,,
ORD10797,CUST74,Diana,INVALID,Clothing,15,$237.23,2024-02-03 05:00:00,Credit Card,,SAVE10
ORD10657,CUST74,nan,P1001,Electronics,19,118.58,2024-01-28 09:00:00,PayPal,los angeles,
ORD10327,CUST60,Grace,P1006,Home,4,$247.58,2024-01-14 15:00:00,Alipay,nan,
ORD10600,CUST78,Bob,P1006,Electronics,3,$255.28,2024-01-26 00:00:00,CASH,los angeles,WELCOME20
ORD10845,CUST125,Grace,P1003,Clothing,-5,$136.74,2024-02-05 05:00:00, credit card ,Mumbai,
ORD10430,CUST103,Eve,P9999,Electronics,1,$62.84,2024-01-18 22:00:00,WeChat Pay,  London  ,
ORD10942,CUST117,,INVALID,Clothing,16,$434.09,2024-02-09 06:00:00,WeChat Pay,Beijing,
ORD10603,CUST164,,P1004,Home,1,$155.25,2024-01-26 03:00:00,Credit Card,,
ORD10480,CUST176,Grace,INVALID,Books,17,$430.92,2024-01-21 00:00:00,Alipay,TOKYO,
ORD10128,CUST29,Bob,P1005,Home,8,$427.10,2024-01-06 08:00:00,card ,TOKYO,
ORD10304,CUST124, Henry ,P1002,Electronics,17,$425.83,2024-01-13 16:00:00,card ,  London  ,WELCOME20
ORD10640,CUST16,Charlie,P1003,Books,15,$315.75,2024-01-27 16:00:00,WeChat Pay,Mumbai,
ORD10839,CUST141,Bob,P1005,Home,1,$373.40,2024-02-04 23:00:00,Credit Card,Shanghai,
ORD10182,CUST78, Henry ,P1003,Unknown,18,36.49,2024-01-08 14:00:00,Alipay,,
ORD10464,CUST23,nan,P1004,Clothing,4,$437.53,2024-01-20 08:00:00,CASH,  London  ,SAVE10
ORD10268,CUST71,Bob,P1002,Books,6,$285.97,2024-01-12 04:00:00,Alipay,New York,
ORD10354,CUST160, Henry ,P1006,Books,1,$447.19,2024-01-15 18:00:00,card ,Mumbai,
ORD10191,CUST60,Grace,P1005,Clothing,5,$90.83,2024-01-08 23:00:00,WeChat Pay,nan,
ORD10433,CUST172,Alice,P9999,Home,2,$314.38,2024-01-19 01:00:00,Credit Card,  London  ,
